id,jogador_id,personagem_id,data,duracao_min,vitoria,kills,deaths,assists
1,1,8,2026-04-23 02:35:28,35,0,6,6,4
2,1,1,2026-08-22 20:10:28,26,0,5,5,0
3,1,8,2026-04-14 11:28:28,16,0,7,6,3
4,1,8,2026-03-25 22:04:28,26,0,11,6,5
5,1,1,2026-07-24 10:46:28,32,1,11,5,3
6,1,8,2026-07-15 13:59:28,20,0,11,4,2
7,1,8,2026-05-09 16:18:28,20,0,5,6,0
8,1,8,2026-04-18 06:58:28,39,1,17,7,5
9,1,8,2026-03-26 14:49:28,19,0,6,5,0
10,1,6,2026-05-12 03:03:28,28,1,6,3,4
11,1,8,2026-08-06 14:44:28,35,1,5,2,2
12,1,9,2026-06-16 22:39:28,19,0,9,3,2
13,1,8,2026-08-15 10:37:28,20,1,8,4,3
14,1,8,2026-07-24 14:44:28,39,0,3,4,7
15,1,4,2026-08-18 00:41:28,40,0,5,6,0
16,1,8,2026-09-16 06:43:28,26,1,13,3,2
17,1,1,2026-07-24 14:44:28,43,1,14,2,4
18,1,8,2026-06-05 02:39:28,42,0,10,3,2
19,1,8,2026-09-01 19:24:28,18,0,7,6,3
20,1,2,2026-08-01 23:38:28,39,1,8,5,5
21,1,8,2026-08-25 01:04:28,12,0,14,6,4
22,1,8,2026-08-05 20:12:28,15,0,8,5,5
23,1,8,2026-08-09 02:40:28,43,1,13,3,2
24,1,8,2026-09-03 07:26:28,32,0,13,2,2
25,1,9,2026-04-18 06:49:28,16,0,8,4,0
26,1,4,2026-04-12 06:21:28,14,1,8,7,2
27,1,8,2026-07-11 19:38:28,27,0,2,4,4
28,1,8,2026-09-14 17:30:28,16,0,13,1,4
29,1,10,2026-07-16 20:32:28,16,0,11,5,3
30,1,8,2026-09-14 10:21:28,45,1,16,3,3
31,1,5,2026-07-09 23:31:28,21,0,14,7,3
32,1,6,2026-07-15 07:24:28,43,1,15,4,2
33,1,8,2026-08-06 18:04:28,28,1,9,5,3
34,1,7,2026-05-01 07:55:28,21,0,4,8,6
35,1,10,2026-06-18 01:58:28,14,0,8,5,0
36,1,2,2026-07-19 03:36:28,21,1,14,1,2
37,2,7,2026-07-11 03:42:28,27,0,5,9,4
38,2,2,2026-05-22 21:12:28,24,1,3,7,4
39,2,7,2026-07-07 21:09:28,16,0,9,5,4
40,2,7,2026-08-19 00:14:28,13,0,11,6,2
41,2,7,2026-05-28 12:27:28,32,0,9,6,0
42,2,2,2026-09-16 15:24:28,39,1,11,3,2
43,2,9,2026-04-10 22:26:28,33,0,13,3,4
44,2,2,2026-06-25 19:24:28,38,0,12,4,5
45,2,9,2026-06-05 14:26:28,31,1,2,7,1
46,2,5,2026-05-20 18:04:28,32,1,3,2,4
47,2,7,2026-07-06 15:33:28,17,1,2,5,3
48,2,10,2026-07-22 02:21:28,31,1,7,6,0
49,2,7,2026-03-22 20:02:28,24,1,13,4,3
50,2,7,2026-06-01 01:40:28,18,1,5,4,3
51,2,7,2026-08-13 17:17:28,41,0,8,5,3
52,2,9,2026-05-30 14:26:28,44,0,14,9,2
53,2,7,2026-05-06 16:36:28,29,1,11,3,3
54,2,5,2026-06-27 14:42:28,33,1,3,4,2
55,2,7,2026-05-01 17:14:28,33,1,7,5,3
56,2,7,2026-04-22 20:09:28,13,1,12,1,5
57,2,7,2026-05-16 01:39:28,26,0,8,7,6
58,2,7,2026-08-05 17:11:28,37,0,5,2,5
59,2,10,2026-08-13 17:23:28,39,0,12,3,3
60,2,7,2026-06-11 23:39:28,33,1,8,4,5
61,2,7,2026-07-21 10:57:28,34,1,9,5,0
62,2,7,2026-07-28 08:27:28,27,0,5,5,3
63,2,4,2026-08-05 12:28:28,35,1,7,2,4
64,2,2,2026-06-29 13:29:28,13,0,13,5,4
65,2,7,2026-03-22 22:51:28,18,1,8,4,2
66,2,10,2026-06-20 14:57:28,14,0,5,5,1
67,2,7,2026-05-29 20:47:28,18,1,6,5,5
68,2,8,2026-04-12 14:46:28,29,0,4,2,4
69,2,8,2026-07-07 17:45:28,17,1,8,3,5
70,2,7,2026-05-13 22:03:28,13,1,4,3,2
71,2,7,2026-04-28 08:48:28,29,1,9,3,5
72,2,7,2026-03-24 16:53:28,27,1,5,5,5
73,2,8,2026-05-18 14:15:28,35,1,11,5,2
74,2,7,2026-07-09 22:41:28,41,1,10,5,1
75,2,7,2026-07-30 01:45:28,23,1,9,6,0
76,2,5,2026-08-23 02:31:28,30,0,8,7,3
77,2,7,2026-04-28 23:10:28,15,1,7,8,3
78,2,3,2026-04-23 23:26:28,12,0,9,5,2
79,2,7,2026-06-06 16:21:28,16,1,9,5,5
80,2,7,2026-08-27 00:40:28,31,0,7,6,3
81,2,7,2026-05-26 23:00:28,40,0,4,2,3
82,2,7,2026-07-25 11:47:28,18,1,12,3,1
83,2,7,2026-03-24 12:52:28,40,0,10,6,3
84,2,7,2026-08-29 09:41:28,41,1,9,4,5
85,2,7,2026-05-01 01:28:28,19,1,10,2,3
86,2,5,2026-04-17 13:43:28,31,0,7,6,4
87,2,8,2026-05-28 06:24:28,43,1,7,2,5
88,2,7,2026-03-28 13:30:28,26,0,7,4,3
89,2,1,2026-05-07 10:54:28,42,0,8,3,6
90,2,7,2026-08-24 17:06:28,43,1,10,7,3
91,2,7,2026-03-31 19:28:28,30,1,6,1,2
92,2,9,2026-06-05 15:35:28,19,1,13,6,4
93,2,1,2026-04-09 18:03:28,43,0,6,4,4
94,2,4,2026-08-17 08:09:28,43,1,11,6,4
95,2,10,2026-08-18 17:23:28,26,0,8,3,5
96,2,3,2026-06-02 16:40:28,29,0,9,4,1
97,2,4,2026-08-30 23:43:28,20,1,10,6,0
98,2,7,2026-07-06 22:57:28,12,1,6,5,1
99,2,10,2026-05-23 22:09:28,36,0,7,5,1
100,2,4,2026-06-27 17:00:28,14,0,8,5,6
101,2,7,2026-08-15 16:00:28,14,1,6,1,5
102,2,6,2026-05-24 08:37:28,45,0,8,6,1
103,2,7,2026-04-04 06:24:28,37,0,10,4,3
104,2,9,2026-05-02 07:55:28,43,1,6,3,6
105,2,4,2026-04-08 05:43:28,18,0,18,1,3
106,2,7,2026-07-03 20:54:28,15,0,5,5,3
107,3,7,2026-04-11 09:49:28,36,0,4,3,3
108,3,7,2026-05-23 00:26:28,28,0,10,6,5
109,3,8,2026-04-06 18:40:28,31,0,8,4,1
110,3,8,2026-08-21 01:03:28,42,0,10,5,5
111,3,7,2026-07-09 08:52:28,37,1,7,8,7
112,3,1,2026-07-20 12:25:28,30,0,10,4,0
113,3,4,2026-04-10 05:50:28,20,0,6,2,2
114,3,1,2026-08-24 23:04:28,20,1,4,2,4
115,3,7,2026-07-10 03:32:28,44,1,10,8,4
116,3,7,2026-08-18 17:09:28,33,0,7,1,3
117,3,3,2026-08-24 19:40:28,35,0,9,8,2
118,3,7,2026-04-20 20:08:28,28,0,6,2,4
119,3,6,2026-04-05 06:59:28,26,1,9,5,5
120,3,8,2026-09-06 07:52:28,20,0,6,4,5
121,3,7,2026-04-20 03:52:28,38,0,14,7,4
122,3,2,2026-09-08 09:35:28,29,0,11,1,0
123,3,7,2026-09-01 19:33:28,34,1,14,3,5
124,3,7,2026-04-01 01:54:28,17,0,11,8,2
125,3,10,2026-08-30 14:13:28,25,0,11,5,7
126,3,7,2026-04-18 09:03:28,21,1,8,6,2
127,3,7,2026-08-15 08:38:28,13,0,13,4,3
128,3,7,2026-09-04 04:49:28,28,0,7,4,3
129,3,9,2026-05-12 01:35:28,40,1,12,5,1
130,3,1,2026-05-22 11:11:28,31,0,12,7,1
131,3,1,2026-08-30 06:23:28,40,0,11,3,5
132,3,7,2026-06-11 12:45:28,32,1,12,7,5
133,3,7,2026-05-29 17:44:28,25,1,8,4,2
134,3,7,2026-06-28 18:34:28,18,1,3,3,4
135,3,7,2026-08-24 18:24:28,17,1,13,4,2
136,3,7,2026-03-30 04:58:28,33,0,9,6,1
137,3,7,2026-04-16 22:29:28,30,0,12,4,4
138,3,7,2026-08-20 21:11:28,26,0,8,5,6
139,3,6,2026-04-14 10:41:28,13,1,8,6,1
140,3,5,2026-06-20 08:56:28,33,1,10,4,6
141,3,7,2026-05-05 01:48:28,17,1,8,4,3
142,3,7,2026-04-24 12:47:28,32,1,1,6,4
143,3,7,2026-05-15 12:25:28,39,1,11,7,2
144,3,7,2026-08-19 23:28:28,39,1,7,5,2
145,3,10,2026-07-26 22:51:28,12,1,8,4,1
146,3,3,2026-05-30 03:09:28,43,0,11,4,4
147,3,7,2026-09-06 18:15:28,37,0,9,7,2
148,3,7,2026-04-06 18:53:28,37,0,6,6,1
149,3,7,2026-08-25 18:14:28,35,1,11,4,5
150,3,4,2026-06-23 01:35:28,31,1,8,4,3
151,3,7,2026-06-19 11:07:28,34,1,7,5,0
152,3,4,2026-04-03 06:34:28,21,1,8,5,4
153,3,7,2026-04-09 22:21:28,32,0,4,5,3
154,3,7,2026-04-19 07:13:28,29,1,6,3,4
155,3,7,2026-04-12 12:52:28,17,1,8,5,2
156,3,7,2026-05-24 13:38:28,14,1,11,1,2
157,3,6,2026-08-26 15:55:28,33,0,1,5,0
158,3,1,2026-04-14 03:43:28,45,1,10,3,4
159,3,7,2026-08-31 21:53:28,33,0,5,7,3
160,3,7,2026-06-24 06:22:28,21,0,8,4,6
161,3,3,2026-06-29 14:04:28,17,0,7,7,2
162,3,7,2026-08-24 11:05:28,45,0,7,6,0
163,3,9,2026-07-30 01:25:28,43,1,8,6,4
164,3,3,2026-09-07 10:33:28,45,1,16,5,2
165,3,7,2026-05-28 07:39:28,22,0,11,6,5
166,3,7,2026-05-26 01:09:28,30,0,14,5,5
167,3,7,2026-05-21 23:31:28,40,1,10,2,4
168,3,9,2026-07-15 07:22:28,20,0,6,8,2
169,3,6,2026-07-09 17:48:28,22,0,13,7,4
170,3,3,2026-06-20 08:14:28,40,0,7,8,5
171,3,7,2026-08-22 10:57:28,32,1,7,6,4
172,3,7,2026-03-23 04:24:28,42,1,10,9,4
173,3,8,2026-06-01 05:21:28,45,1,10,5,3
174,3,4,2026-09-01 05:21:28,41,1,14,7,4
175,3,8,2026-09-16 12:09:28,39,0,12,5,3
176,3,7,2026-06-17 06:50:28,45,0,10,6,6
177,3,9,2026-06-14 00:29:28,36,0,13,4,1
178,3,6,2026-04-21 21:48:28,18,0,11,3,6
179,3,7,2026-04-09 02:55:28,42,1,7,7,4
180,3,2,2026-09-06 02:20:28,24,0,5,5,3
181,3,6,2026-07-05 20:57:28,24,0,0,4,2
182,3,1,2026-05-28 19:29:28,35,0,8,4,4
183,3,7,2026-08-26 18:39:28,29,1,11,7,1
184,3,7,2026-08-22 06:25:28,32,0,13,6,1
185,3,7,2026-09-06 21:06:28,40,1,4,6,4
186,3,7,2026-03-29 11:23:28,16,1,12,9,2
187,3,7,2026-09-09 04:50:28,40,0,9,3,7
188,3,7,2026-04-16 03:54:28,14,0,10,3,4
189,3,6,2026-07-16 05:16:28,29,1,9,2,1
190,3,7,2026-07-12 00:15:28,19,1,8,1,3
191,3,4,2026-05-25 03:15:28,16,0,7,9,2
192,3,8,2026-03-30 21:17:28,32,0,9,7,0
193,3,9,2026-06-16 15:47:28,23,0,13,2,2
194,3,7,2026-09-10 20:49:28,43,0,2,5,2
195,3,6,2026-05-17 15:12:28,37,1,10,4,4
196,3,7,2026-04-06 06:37:28,32,1,8,4,3
197,3,7,2026-08-14 18:22:28,23,0,5,8,4
198,3,7,2026-08-06 03:37:28,31,0,5,6,1
199,3,7,2026-07-28 11:28:28,28,0,5,8,6
200,3,5,2026-04-06 03:23:28,44,1,5,4,5
201,3,10,2026-09-10 06:22:28,14,1,6,2,0
202,3,7,2026-04-11 11:20:28,38,0,5,2,2
203,3,7,2026-07-02 17:40:28,37,0,5,4,3
204,3,7,2026-06-21 12:26:28,25,1,11,2,4
205,3,7,2026-05-08 13:58:28,35,0,5,10,2
206,3,7,2026-08-24 07:25:28,21,1,11,6,5
207,3,7,2026-04-22 22:28:28,32,1,7,4,4
208,3,7,2026-05-13 08:21:28,31,1,7,7,3
209,3,7,2026-05-13 12:45:28,30,1,7,5,2
210,3,8,2026-07-11 20:39:28,20,1,8,6,3
211,3,6,2026-05-10 17:46:28,36,1,12,5,2
212,3,5,2026-08-23 19:42:28,20,0,11,3,1
213,3,7,2026-05-12 07:46:28,37,0,6,4,5
214,3,7,2026-08-09 12:27:28,41,1,12,3,5
215,3,3,2026-04-18 21:40:28,31,1,7,4,6
216,3,7,2026-09-12 20:34:28,42,0,8,2,3
217,3,7,2026-04-17 16:57:28,13,1,7,5,6
218,3,7,2026-09-03 13:13:28,26,0,5,7,3
219,3,7,2026-09-08 13:36:28,27,0,8,1,0
220,3,2,2026-03-25 02:11:28,38,1,13,3,4
221,3,7,2026-05-08 02:04:28,20,0,14,3,3
222,3,8,2026-04-30 21:03:28,33,0,8,4,4
223,3,5,2026-07-06 02:04:28,31,0,10,6,2
224,3,8,2026-07-06 04:59:28,29,1,8,2,7
225,3,9,2026-09-06 23:19:28,30,1,14,4,6
226,3,2,2026-07-25 02:15:28,42,1,7,3,4
227,4,3,2026-04-07 01:12:28,26,1,10,3,7
228,4,9,2026-09-15 14:21:28,20,1,12,4,2
229,4,3,2026-06-26 23:24:28,30,1,16,2,2
230,4,2,2026-08-03 18:53:28,14,0,11,4,6
231,4,3,2026-09-08 08:50:28,30,0,16,5,3
232,4,9,2026-04-05 14:36:28,41,0,9,6,2
233,4,9,2026-08-06 17:29:28,33,0,13,6,2
234,4,3,2026-08-03 12:17:28,24,1,16,3,4
235,4,7,2026-05-17 22:06:28,20,0,9,4,2
236,4,1,2026-07-01 13:16:28,33,1,9,4,6
237,4,1,2026-06-05 09:43:28,22,1,9,5,2
238,4,9,2026-04-06 23:04:28,19,0,7,4,1
239,4,9,2026-06-02 09:11:28,35,1,14,3,0
240,4,9,2026-07-15 09:55:28,25,1,13,1,2
241,4,2,2026-07-27 13:36:28,44,1,8,4,4
242,4,9,2026-04-20 16:27:28,25,1,10,5,1
243,4,9,2026-04-26 17:22:28,15,1,12,2,1
244,4,5,2026-04-22 06:39:28,25,0,10,1,5
245,4,9,2026-09-08 23:21:28,42,1,19,7,4
246,4,9,2026-06-13 20:05:28,38,0,10,5,0
247,4,9,2026-04-02 21:16:28,20,0,10,5,7
248,4,9,2026-09-17 08:22:28,26,0,9,3,4
249,4,8,2026-08-08 23:44:28,34,0,7,3,4
250,4,9,2026-04-13 08:36:28,38,0,8,4,2
251,4,9,2026-09-05 19:25:28,27,1,8,3,1
252,4,9,2026-05-11 23:16:28,20,1,5,4,0
253,4,9,2026-07-02 04:15:28,27,0,7,3,4
254,4,9,2026-04-09 09:58:28,23,1,5,4,4
255,4,9,2026-03-22 18:56:28,32,1,17,3,1
256,4,9,2026-07-21 22:53:28,27,1,6,5,5
257,4,3,2026-06-10 00:51:28,20,0,14,3,6
258,4,9,2026-08-24 14:52:28,35,1,10,6,4
259,4,4,2026-05-18 02:01:28,25,1,7,6,4
260,4,6,2026-08-17 16:48:28,24,1,11,5,2
261,4,10,2026-05-03 11:00:28,41,0,9,5,2
262,4,9,2026-05-19 22:13:28,18,1,13,2,3
263,4,6,2026-07-04 03:56:28,38,1,16,5,3
264,4,9,2026-07-13 16:28:28,33,1,10,3,2
265,4,8,2026-05-01 11:14:28,23,1,10,2,5
266,4,9,2026-09-15 19:04:28,15,1,13,7,0
267,4,9,2026-04-11 11:22:28,15,0,12,5,3
268,4,10,2026-09-14 08:34:28,38,0,14,4,3
269,4,9,2026-08-21 05:51:28,23,1,11,4,4
270,4,9,2026-07-10 19:36:28,34,1,6,3,2
271,4,9,2026-04-02 10:58:28,17,0,8,4,2
272,4,2,2026-03-22 03:18:28,12,1,8,2,5
273,4,9,2026-09-07 01:18:28,45,0,9,3,8
274,4,9,2026-08-28 09:47:28,14,0,9,6,2
275,4,9,2026-06-08 06:31:28,21,1,17,5,1
276,4,9,2026-06-11 04:22:28,33,1,17,1,1
277,4,2,2026-04-15 12:11:28,33,1,11,4,0
278,4,7,2026-05-15 01:21:28,40,0,13,3,6
279,4,9,2026-07-16 06:38:28,30,0,6,5,3
280,4,9,2026-06-27 20:50:28,36,1,9,3,0
281,4,9,2026-05-29 17:49:28,23,1,9,6,3
282,4,9,2026-04-17 12:44:28,17,1,12,6,3
283,4,7,2026-04-23 15:21:28,27,1,6,6,3
284,4,9,2026-08-11 06:59:28,43,1,7,5,4
285,4,9,2026-04-17 12:06:28,43,1,9,7,0
286,4,9,2026-04-11 20:10:28,33,1,16,2,8
287,4,6,2026-06-26 12:33:28,31,1,5,6,1
288,4,4,2026-07-04 09:25:28,32,1,7,5,5
289,4,10,2026-04-18 14:31:28,24,0,9,6,3
290,4,9,2026-05-27 23:12:28,25,0,8,7,4
291,4,2,2026-07-14 10:40:28,27,0,11,2,0
292,4,9,2026-04-20 19:28:28,42,1,10,3,5
293,4,9,2026-08-21 00:40:28,17,0,13,3,8
294,4,6,2026-06-24 18:27:28,37,1,12,2,1
295,4,9,2026-05-25 20:22:28,26,1,11,7,0
296,4,9,2026-09-10 16:40:28,34,0,9,2,2
297,4,9,2026-06-21 17:36:28,31,1,12,4,4
298,4,9,2026-06-28 06:51:28,40,1,10,2,3
299,4,9,2026-07-16 15:32:28,22,0,15,7,1
300,4,9,2026-06-05 11:39:28,26,1,7,1,1
301,4,9,2026-06-10 08:59:28,39,0,10,4,2
302,4,4,2026-05-03 02:46:28,18,1,9,3,0
303,4,9,2026-04-17 19:53:28,32,1,14,6,0
304,4,10,2026-03-28 22:59:28,23,1,11,3,5
305,4,10,2026-05-09 19:53:28,21,1,11,5,3
306,4,9,2026-04-28 03:27:28,23,1,12,3,4
307,4,9,2026-05-16 04:29:28,12,1,9,6,5
308,4,9,2026-03-25 16:21:28,38,1,11,1,2
309,4,9,2026-09-08 23:46:28,30,0,9,4,6
310,4,9,2026-04-29 15:42:28,43,1,11,5,0
311,4,9,2026-05-27 14:30:28,14,1,11,1,1
312,4,9,2026-07-03 08:02:28,27,1,15,4,0
313,4,9,2026-07-25 13:04:28,27,1,12,2,6
314,4,10,2026-07-27 07:07:28,25,0,10,5,4
315,4,9,2026-05-08 09:57:28,29,1,8,4,3
316,4,3,2026-04-03 04:49:28,29,0,8,5,0
317,4,3,2026-08-11 13:26:28,43,1,9,1,3
318,4,7,2026-06-05 15:33:28,17,1,6,7,5
319,4,6,2026-05-22 11:28:28,17,1,6,4,6
320,4,6,2026-07-24 16:15:28,39,0,6,5,1
321,5,6,2026-09-06 05:45:28,15,0,13,7,4
322,5,8,2026-09-16 18:32:28,41,1,3,6,2
323,5,6,2026-08-24 10:48:28,29,0,12,7,6
324,5,6,2026-06-07 11:47:28,15,1,15,3,1
325,5,6,2026-08-29 04:37:28,42,0,9,7,3
326,5,9,2026-05-31 09:27:28,19,0,9,8,3
327,5,6,2026-08-12 20:05:28,31,1,5,7,4
328,5,3,2026-04-13 10:57:28,12,0,10,4,2
329,5,6,2026-07-24 06:11:28,40,1,10,8,5
330,5,3,2026-06-29 04:22:28,39,0,7,3,2
331,5,6,2026-04-01 22:51:28,13,0,9,7,3
332,5,6,2026-07-17 16:15:28,15,0,6,5,5
333,5,6,2026-06-28 04:38:28,35,1,8,4,3
334,5,6,2026-05-20 06:39:28,23,0,8,2,4
335,5,6,2026-07-05 11:41:28,44,1,9,5,6
336,5,7,2026-07-08 06:17:28,21,1,11,2,5
337,5,6,2026-06-29 09:18:28,16,0,10,8,1
338,5,6,2026-08-18 17:40:28,39,0,8,5,4
339,5,1,2026-08-06 16:12:28,12,1,8,1,5
340,5,9,2026-08-15 23:58:28,35,0,12,5,2
341,5,2,2026-05-12 17:36:28,16,0,14,5,3
342,5,6,2026-07-14 05:38:28,22,1,10,5,2
343,5,2,2026-06-15 20:04:28,42,1,8,5,4
344,5,3,2026-07-21 22:09:28,38,0,7,6,1
345,5,6,2026-08-03 01:31:28,15,0,6,8,2
346,5,1,2026-06-29 21:58:28,30,0,8,7,4
347,5,6,2026-05-21 20:34:28,27,1,7,6,4
348,5,8,2026-08-10 08:55:28,27,0,4,5,0
349,5,1,2026-04-01 20:18:28,12,1,5,8,7
350,5,5,2026-09-02 04:17:28,43,1,4,3,3
351,5,2,2026-08-26 13:19:28,41,1,9,8,0
352,5,6,2026-05-28 10:32:28,15,1,12,5,2
353,5,4,2026-06-27 17:41:28,32,1,13,1,0
354,5,6,2026-08-09 05:32:28,18,1,12,6,6
355,5,6,2026-05-22 00:06:28,31,1,6,6,4
356,5,2,2026-07-23 21:57:28,14,1,8,3,0
357,5,6,2026-09-09 19:20:28,23,0,12,4,5
358,5,9,2026-08-17 08:44:28,20,0,10,5,5
359,5,6,2026-04-20 13:08:28,17,0,9,6,1
360,5,6,2026-08-16 06:00:28,40,0,11,5,3
361,5,6,2026-05-13 08:08:28,37,1,10,4,5
362,5,6,2026-07-07 17:55:28,29,1,7,2,6
363,5,1,2026-09-02 06:09:28,42,0,6,3,0
364,5,6,2026-07-15 11:37:28,45,1,9,6,7
365,5,9,2026-06-20 13:50:28,43,0,14,4,1
366,5,6,2026-09-09 23:33:28,26,1,12,5,5
367,5,6,2026-07-15 10:43:28,18,0,4,4,8
368,5,6,2026-04-22 19:53:28,26,0,9,5,0
369,5,6,2026-04-19 08:11:28,34,0,10,4,0
370,5,6,2026-05-13 14:38:28,24,0,6,2,2
371,5,6,2026-06-24 12:11:28,12,0,11,5,3
372,5,6,2026-09-02 08:24:28,32,1,12,4,0
373,5,6,2026-06-13 10:32:28,16,0,10,5,1
374,5,6,2026-05-28 11:19:28,22,1,8,4,4
375,5,6,2026-03-30 13:02:28,26,1,13,4,6
376,5,7,2026-03-21 13:35:28,12,1,6,4,2
377,5,6,2026-04-06 13:50:28,26,0,9,4,0
378,5,6,2026-06-28 03:25:28,34,0,5,4,4
379,5,2,2026-07-15 09:29:28,25,0,6,2,3
380,5,6,2026-05-27 18:49:28,36,1,9,5,3
381,5,7,2026-08-06 17:44:28,26,0,6,6,5
382,5,6,2026-08-29 21:28:28,18,0,11,4,5
383,5,6,2026-03-21 08:05:28,42,1,8,2,4
384,5,6,2026-08-22 21:50:28,15,0,8,3,2
385,5,6,2026-07-03 01:02:28,30,1,7,2,3
386,5,6,2026-06-17 09:01:28,15,1,6,2,2
387,5,6,2026-04-06 23:11:28,22,1,7,2,3
388,5,8,2026-04-01 00:06:28,43,0,9,4,5
389,5,6,2026-05-27 17:16:28,28,0,11,8,2
390,5,6,2026-08-26 10:20:28,18,0,11,4,3
391,5,6,2026-06-01 14:52:28,45,0,13,4,0
392,5,8,2026-09-08 16:00:28,37,0,7,5,5
393,5,9,2026-08-06 01:55:28,23,0,7,2,5
394,5,3,2026-04-10 04:06:28,24,1,12,7,4
395,5,5,2026-07-08 15:24:28,32,1,8,1,5
396,5,6,2026-06-02 05:18:28,45,0,11,5,0
397,5,6,2026-07-05 14:52:28,18,1,4,3,7
398,5,7,2026-09-08 03:16:28,42,1,6,3,1
399,5,6,2026-03-25 01:02:28,33,1,5,3,7
400,5,6,2026-07-01 22:32:28,33,1,10,4,5
401,5,6,2026-06-26 23:57:28,40,0,8,4,4
402,5,10,2026-05-15 15:31:28,38,0,8,5,4
403,5,1,2026-04-25 08:09:28,45,0,10,6,2
404,5,6,2026-05-24 07:25:28,14,0,9,5,4
405,5,4,2026-07-17 20:26:28,13,1,10,2,2
406,5,6,2026-06-21 03:34:28,34,1,8,7,2
407,5,5,2026-07-22 11:03:28,25,0,8,3,2
408,5,6,2026-05-19 04:38:28,12,1,10,3,1
409,5,10,2026-05-31 20:17:28,29,0,9,7,6
410,5,8,2026-04-21 05:39:28,37,1,7,2,4
411,5,6,2026-07-02 09:47:28,30,0,14,4,1
412,5,6,2026-07-12 10:45:28,29,1,7,7,3
413,5,5,2026-03-31 22:14:28,37,1,7,4,7
414,6,5,2026-04-20 13:37:28,14,1,8,4,4
415,6,6,2026-05-10 22:54:28,34,0,7,8,4
416,6,9,2026-04-27 02:54:28,28,1,0,6,4
417,6,6,2026-06-14 00:15:28,33,0,6,7,4
418,6,8,2026-05-20 02:30:28,16,0,4,1,4
419,6,1,2026-07-27 21:27:28,20,0,4,7,7
420,6,1,2026-08-02 06:23:28,32,0,8,7,2
421,6,1,2026-04-23 03:44:28,22,0,8,8,5
422,6,1,2026-06-05 18:30:28,39,0,6,8,4
423,6,7,2026-07-31 08:32:28,45,1,1,5,7
424,6,4,2026-06-10 15:58:28,18,1,4,7,2
425,6,3,2026-06-22 18:20:28,45,1,13,7,1
426,6,3,2026-08-05 19:22:28,24,0,7,7,2
427,6,1,2026-06-15 10:56:28,19,1,8,5,5
428,6,7,2026-04-18 07:30:28,15,0,6,5,5
429,6,1,2026-07-26 09:25:28,21,1,8,7,4
430,6,1,2026-04-10 12:28:28,29,1,8,4,0
431,6,7,2026-05-13 02:22:28,18,0,10,7,4
432,6,5,2026-07-04 03:40:28,38,0,7,7,3
433,6,1,2026-08-19 13:33:28,17,0,8,10,3
434,6,3,2026-07-13 11:09:28,18,0,6,6,2
435,6,1,2026-07-04 20:51:28,14,0,5,8,4
436,6,6,2026-09-15 04:25:28,14,0,7,8,6
437,6,3,2026-06-22 02:54:28,35,0,12,2,3
438,6,1,2026-06-01 11:00:28,42,0,11,2,4
439,6,3,2026-04-18 16:40:28,38,1,6,5,4
440,6,8,2026-03-26 04:41:28,13,1,5,4,4
441,6,1,2026-03-20 10:00:28,12,0,8,4,6
442,6,1,2026-05-07 15:17:28,33,0,8,5,2
443,6,10,2026-08-09 14:05:28,36,1,5,4,1
444,6,10,2026-05-14 03:30:28,42,1,10,5,2
445,6,1,2026-06-06 01:07:28,36,0,6,11,4
446,6,1,2026-05-25 22:21:28,43,0,7,5,3
447,6,1,2026-08-24 12:31:28,12,0,5,5,1
448,6,5,2026-06-21 20:44:28,41,0,8,3,2
449,6,4,2026-05-25 05:15:28,35,0,3,8,0
450,6,1,2026-04-29 15:19:28,30,0,3,7,3
451,6,1,2026-08-21 00:28:28,38,1,9,4,4
452,6,4,2026-06-23 05:28:28,24,1,2,6,2
453,6,1,2026-08-13 16:07:28,44,0,8,3,3
454,6,1,2026-05-10 03:06:28,42,0,3,3,2
455,6,3,2026-06-10 18:51:28,44,0,8,7,0
456,6,4,2026-08-14 04:26:28,40,1,2,11,2
457,6,1,2026-07-28 01:59:28,25,0,6,4,2
458,6,5,2026-05-11 14:37:28,23,0,0,6,2
459,6,6,2026-03-28 14:55:28,38,0,6,3,0
460,6,1,2026-06-12 04:11:28,13,0,2,6,1
461,6,1,2026-09-01 09:34:28,21,1,5,9,6
462,6,4,2026-04-12 10:05:28,18,0,6,9,4
463,6,4,2026-03-23 10:28:28,30,0,4,5,4
464,6,1,2026-04-29 07:18:28,32,0,1,2,5
465,6,1,2026-04-19 14:29:28,35,1,2,3,6
466,6,4,2026-03-27 06:36:28,23,0,2,7,3
467,6,1,2026-08-06 13:12:28,20,1,3,5,1
468,6,1,2026-06-26 12:46:28,21,0,8,5,2
469,6,1,2026-08-29 22:18:28,34,0,3,3,0
470,6,1,2026-06-02 14:36:28,22,0,6,2,3
471,6,1,2026-04-11 15:02:28,25,1,6,7,2
472,6,1,2026-03-29 21:20:28,19,0,8,5,0
473,6,1,2026-06-12 05:16:28,32,0,3,4,6
474,7,5,2026-05-08 15:47:28,35,1,9,7,1
475,7,5,2026-05-02 14:56:28,22,1,11,4,0
476,7,5,2026-08-22 02:07:28,39,1,9,3,0
477,7,5,2026-09-10 17:28:28,21,0,15,4,0
478,7,1,2026-04-23 01:22:28,16,1,4,8,4
479,7,7,2026-04-05 12:02:28,12,1,7,3,6
480,7,5,2026-05-12 05:31:28,34,0,10,8,4
481,7,5,2026-05-19 03:48:28,13,0,8,3,5
482,7,5,2026-04-08 04:13:28,30,1,8,2,5
483,7,5,2026-04-28 14:12:28,12,0,16,3,0
484,7,5,2026-07-01 01:58:28,17,1,4,3,2
485,7,6,2026-07-30 05:14:28,28,1,15,2,4
486,7,5,2026-04-04 14:23:28,41,0,11,7,0
487,7,5,2026-08-15 10:14:28,34,0,10,6,0
488,7,2,2026-05-24 21:56:28,43,1,6,5,4
489,7,5,2026-09-15 22:27:28,22,0,12,6,5
490,7,5,2026-08-13 09:57:28,35,1,3,4,1
491,7,8,2026-07-08 04:22:28,17,1,8,6,2
492,7,4,2026-09-12 15:50:28,16,1,9,5,2
493,7,10,2026-04-03 04:04:28,42,0,10,3,5
494,7,5,2026-08-13 17:17:28,30,1,10,5,0
495,7,5,2026-05-09 04:21:28,22,1,9,5,3
496,7,5,2026-05-16 20:54:28,21,1,17,7,2
497,7,5,2026-06-16 19:54:28,45,0,10,6,3
498,7,5,2026-08-21 15:21:28,32,1,14,10,5
499,7,5,2026-04-19 10:50:28,35,0,9,7,4
500,7,2,2026-06-05 21:06:28,45,1,14,1,6
501,7,6,2026-07-21 06:31:28,22,1,6,5,2
502,7,5,2026-04-01 01:17:28,19,1,10,5,4
503,7,5,2026-09-12 00:49:28,38,1,13,6,0
504,7,5,2026-04-24 04:08:28,14,0,10,6,5
505,7,5,2026-03-31 23:28:28,13,1,13,9,1
506,7,4,2026-07-22 19:07:28,22,1,7,8,3
507,7,10,2026-05-23 12:47:28,33,0,11,7,3
508,7,4,2026-05-10 09:47:28,45,1,14,5,3
509,7,5,2026-08-18 05:58:28,44,1,12,6,3
510,7,5,2026-05-06 18:47:28,39,1,9,1,1
511,7,5,2026-06-19 13:02:28,36,1,8,4,4
512,7,10,2026-08-26 23:28:28,26,1,5,6,5
513,7,9,2026-05-07 08:54:28,19,1,11,7,4
514,7,5,2026-08-08 18:36:28,18,1,6,5,1
515,7,5,2026-07-26 19:02:28,37,1,6,4,0
516,7,9,2026-06-30 13:25:28,28,1,4,3,5
517,7,5,2026-03-22 03:37:28,40,0,9,1,1
518,7,5,2026-08-06 19:52:28,15,1,5,5,0
519,7,1,2026-07-22 20:29:28,28,0,11,2,2
520,7,5,2026-07-05 12:45:28,45,1,9,1,7
521,7,5,2026-07-06 02:30:28,45,0,11,6,7
522,7,5,2026-03-29 07:55:28,22,0,10,3,3
523,7,5,2026-06-05 13:08:28,37,0,11,4,3
524,7,5,2026-04-26 13:15:28,30,1,13,3,0
525,7,5,2026-07-13 03:10:28,12,0,9,7,5
526,7,5,2026-05-09 00:21:28,19,1,16,6,4
527,7,10,2026-05-22 09:53:28,33,1,7,5,2
528,7,5,2026-06-11 11:31:28,16,0,10,5,3
529,7,4,2026-03-22 00:09:28,12,0,10,6,5
530,7,5,2026-04-29 03:03:28,16,1,9,3,0
531,7,5,2026-05-13 02:20:28,24,1,12,3,6
532,7,5,2026-04-11 20:59:28,27,1,8,4,4
533,7,5,2026-05-16 20:28:28,14,1,14,3,2
534,7,8,2026-05-15 02:54:28,29,0,6,6,1
535,7,9,2026-05-02 08:02:28,42,1,10,7,6
536,7,5,2026-03-22 15:27:28,19,1,11,4,2
537,7,5,2026-07-31 14:25:28,28,0,12,4,1
538,7,5,2026-05-12 18:40:28,23,1,8,6,3
539,7,5,2026-04-22 09:44:28,20,0,6,7,3
540,7,5,2026-06-12 02:27:28,39,1,12,4,4
541,7,5,2026-05-03 22:22:28,45,0,13,7,4
542,7,5,2026-03-25 03:34:28,18,1,13,5,3
543,7,5,2026-06-16 14:01:28,35,0,5,5,1
544,7,5,2026-04-22 13:29:28,24,1,11,3,4
545,7,9,2026-08-27 20:08:28,40,1,10,2,2
546,7,8,2026-06-01 11:36:28,33,0,7,5,4
547,7,7,2026-07-10 12:29:28,30,0,11,5,3
548,7,5,2026-05-24 19:01:28,45,0,12,5,0
549,7,5,2026-07-26 03:27:28,17,0,11,5,3
550,7,5,2026-09-10 19:35:28,15,1,15,6,2
551,7,5,2026-06-30 01:19:28,36,0,13,6,7
552,7,5,2026-09-10 07:57:28,22,1,13,4,2
553,7,6,2026-03-22 14:44:28,20,0,4,5,5
554,7,5,2026-05-05 11:18:28,39,0,8,2,1
555,7,5,2026-07-13 03:50:28,38,0,8,4,4
556,7,5,2026-07-05 17:08:28,34,1,11,6,0
557,7,5,2026-04-18 01:15:28,30,0,5,4,2
558,7,9,2026-07-16 03:34:28,37,1,15,2,4
559,7,7,2026-07-06 11:00:28,29,0,10,5,1
560,7,5,2026-08-19 11:24:28,30,1,7,5,2
561,7,5,2026-08-01 05:39:28,13,1,9,2,3
562,7,5,2026-08-10 08:38:28,17,1,11,4,3
563,7,5,2026-06-25 06:24:28,14,1,8,8,5
564,7,3,2026-08-02 02:35:28,42,1,10,4,2
565,7,5,2026-07-16 08:00:28,40,0,10,3,3
566,7,5,2026-05-18 19:52:28,25,0,7,7,5
567,7,5,2026-07-14 16:43:28,19,0,12,7,3
568,7,4,2026-07-18 11:32:28,19,1,6,7,4
569,7,5,2026-04-21 09:34:28,14,1,11,2,2
570,7,5,2026-05-13 06:01:28,22,0,11,4,4
571,7,6,2026-08-15 16:29:28,18,0,14,4,6
572,7,5,2026-07-30 08:25:28,40,0,11,5,0
573,7,6,2026-07-30 13:48:28,43,0,10,5,2
574,7,5,2026-08-30 15:01:28,22,1,6,4,1
575,7,5,2026-08-01 08:30:28,36,1,9,6,6
576,7,6,2026-07-30 15:15:28,36,0,10,5,6
577,7,9,2026-09-06 04:43:28,16,1,9,6,3
578,7,5,2026-04-23 11:14:28,14,1,11,5,4
579,7,8,2026-09-14 02:01:28,16,1,9,3,1
580,7,2,2026-06-15 07:09:28,38,1,13,3,2
581,7,5,2026-08-24 05:41:28,45,1,9,1,4
582,7,9,2026-04-27 14:05:28,23,1,11,5,6
583,7,5,2026-08-06 02:59:28,18,1,8,3,0
584,7,5,2026-06-18 22:23:28,40,1,11,3,1
585,7,6,2026-04-25 14:31:28,27,0,6,6,4
586,7,5,2026-05-25 19:35:28,40,0,7,6,2
587,7,5,2026-07-03 01:34:28,12,1,10,5,6
588,7,5,2026-04-28 15:41:28,29,1,14,5,0
589,7,10,2026-07-20 00:24:28,27,1,12,5,4
590,7,2,2026-06-25 16:40:28,16,0,12,3,2
591,7,5,2026-09-07 13:28:28,31,0,8,2,5
592,7,5,2026-06-03 05:02:28,39,0,7,6,2
593,7,4,2026-06-30 15:15:28,15,0,14,1,1
594,7,5,2026-08-09 07:25:28,26,0,7,6,5
595,7,7,2026-08-11 04:38:28,37,0,10,2,5
596,7,5,2026-08-26 19:32:28,28,1,11,4,0
597,8,3,2026-07-16 00:52:28,45,0,6,5,1
598,8,7,2026-08-19 10:13:28,17,0,11,3,7
599,8,7,2026-06-19 12:06:28,22,1,9,6,1
600,8,8,2026-07-27 09:45:28,26,0,4,1,5
601,8,7,2026-07-06 08:40:28,21,0,9,4,8
602,8,7,2026-07-25 14:47:28,33,0,11,4,5
603,8,7,2026-06-12 13:15:28,13,0,8,2,0
604,8,9,2026-09-03 17:16:28,29,1,2,5,4
605,8,1,2026-09-12 23:09:28,18,1,6,2,5
606,8,7,2026-06-28 16:36:28,18,1,7,1,7
607,8,9,2026-07-15 15:04:28,14,1,11,10,0
608,8,7,2026-06-18 11:48:28,34,0,7,5,3
609,8,7,2026-09-09 14:12:28,36,0,11,4,4
610,8,4,2026-06-11 15:22:28,17,1,9,7,1
611,8,10,2026-04-15 21:54:28,31,0,7,3,1
612,8,7,2026-08-12 22:36:28,24,1,7,3,1
613,8,9,2026-06-28 06:50:28,22,0,3,7,3
614,8,2,2026-06-27 19:01:28,13,1,4,5,2
615,8,5,2026-08-21 04:39:28,24,1,14,3,4
616,8,7,2026-04-18 01:13:28,26,0,7,3,2
617,8,7,2026-04-03 20:23:28,42,1,13,6,6
618,8,7,2026-09-08 19:12:28,26,1,13,3,3
619,8,1,2026-09-01 03:06:28,25,0,10,4,2
620,8,8,2026-07-15 18:33:28,41,0,7,3,3
621,8,7,2026-04-06 07:50:28,45,1,8,3,2
622,8,7,2026-05-07 14:47:28,27,1,12,5,2
623,8,7,2026-05-27 19:33:28,30,0,5,4,3
624,8,5,2026-03-24 15:30:28,15,1,8,2,4
625,8,8,2026-06-08 19:02:28,20,0,4,6,6
626,8,7,2026-05-24 06:04:28,24,1,12,1,4
627,8,7,2026-03-20 17:48:28,19,0,13,3,3
628,8,2,2026-04-14 03:41:28,44,0,7,2,5
629,8,7,2026-08-07 04:12:28,21,1,9,1,0
630,8,7,2026-07-05 11:46:28,40,0,7,3,4
631,8,7,2026-05-12 14:35:28,43,0,9,5,3
632,8,10,2026-05-23 19:09:28,42,0,8,5,6
633,8,7,2026-09-05 02:50:28,25,0,15,5,3
634,8,7,2026-06-25 06:09:28,31,0,13,8,4
635,8,7,2026-05-23 13:23:28,23,1,10,7,1
636,8,7,2026-08-30 18:33:28,36,1,6,5,1
637,8,2,2026-07-25 09:23:28,45,1,12,7,3
638,8,7,2026-08-25 16:38:28,45,1,12,1,1
639,8,10,2026-04-22 11:52:28,45,0,11,5,2
640,8,7,2026-05-14 03:00:28,43,1,7,2,2
641,8,4,2026-07-25 12:08:28,19,0,9,5,6
642,8,7,2026-09-14 11:17:28,25,1,9,3,6
643,8,7,2026-08-18 09:44:28,12,1,9,3,1
644,8,7,2026-07-29 21:52:28,23,1,8,1,1
645,8,8,2026-05-21 19:01:28,33,0,10,2,0
646,8,1,2026-04-27 14:51:28,32,0,9,4,6
647,8,7,2026-07-08 08:05:28,21,0,5,9,3
648,8,7,2026-07-31 12:50:28,36,1,7,3,3
649,8,7,2026-05-13 01:02:28,17,0,6,8,3
650,8,7,2026-08-19 20:22:28,23,0,6,4,5
651,8,4,2026-06-21 16:38:28,24,0,8,5,1
652,8,9,2026-05-07 10:03:28,18,1,9,3,6
653,8,4,2026-03-25 12:51:28,14,0,4,5,3
654,8,6,2026-09-11 13:26:28,31,1,8,7,4
655,8,4,2026-07-10 04:03:28,19,1,9,6,2
656,8,7,2026-07-26 14:37:28,18,1,11,7,2
657,8,7,2026-06-29 12:13:28,16,1,11,7,3
658,8,9,2026-08-20 20:03:28,15,1,11,6,5
659,8,7,2026-04-12 21:00:28,40,1,10,7,0
660,8,7,2026-05-20 13:46:28,17,0,5,4,0
661,8,7,2026-05-20 01:14:28,41,0,11,4,0
662,8,3,2026-08-01 09:16:28,37,0,10,1,0
663,8,6,2026-05-17 17:24:28,34,0,11,3,5
664,8,5,2026-06-06 05:29:28,18,0,9,4,2
665,8,7,2026-04-30 03:43:28,27,0,9,2,1
666,8,7,2026-05-28 13:47:28,39,1,10,5,6
667,8,9,2026-08-18 12:56:28,43,0,11,7,3
668,8,6,2026-08-30 12:43:28,37,0,4,5,2
669,8,7,2026-07-24 04:24:28,17,0,9,3,0
670,8,1,2026-06-09 12:08:28,30,0,9,3,1
671,8,4,2026-06-21 06:06:28,39,1,10,3,4
672,8,10,2026-09-01 20:32:28,30,0,4,4,4
673,8,1,2026-07-18 18:24:28,13,1,1,3,4
674,8,7,2026-05-01 01:56:28,39,0,10,4,1
675,8,8,2026-03-30 04:51:28,30,1,3,3,2
676,8,7,2026-04-01 18:14:28,43,1,11,8,3
677,8,3,2026-04-11 03:00:28,39,1,7,3,0
678,8,7,2026-07-31 18:39:28,26,1,10,6,1
679,8,10,2026-09-09 07:51:28,35,0,8,2,2
680,8,6,2026-05-05 23:36:28,21,1,15,2,3
681,8,7,2026-03-25 11:31:28,16,1,9,4,0
682,8,7,2026-05-19 17:39:28,12,0,9,1,0
683,8,7,2026-08-06 07:56:28,30,0,8,3,6
684,8,10,2026-04-08 16:59:28,15,0,7,4,0
685,8,10,2026-08-15 15:53:28,17,1,14,4,2
686,8,7,2026-07-14 08:39:28,29,0,7,5,6
687,8,10,2026-03-22 01:05:28,28,1,7,4,0
688,8,7,2026-08-10 12:49:28,17,0,10,6,2
689,8,3,2026-07-25 13:25:28,22,0,9,3,1
690,8,6,2026-08-05 17:18:28,15,1,11,4,7
691,8,7,2026-05-19 00:11:28,36,1,8,1,1
692,8,7,2026-06-11 09:59:28,40,0,8,9,3
693,8,7,2026-04-13 10:53:28,39,0,10,4,1
694,8,6,2026-05-21 10:06:28,37,1,8,5,2
695,8,10,2026-03-29 08:51:28,12,0,4,4,5
696,8,1,2026-07-22 23:28:28,34,1,8,2,3
697,8,7,2026-04-16 11:22:28,25,1,8,4,0
698,8,7,2026-04-01 11:02:28,36,0,5,7,4
699,8,3,2026-07-08 18:34:28,41,0,8,3,0
700,8,6,2026-06-11 19:53:28,15,1,10,5,1
701,8,7,2026-04-13 19:44:28,24,1,11,4,1
702,8,7,2026-04-12 11:11:28,25,0,10,7,6
703,8,7,2026-09-12 16:09:28,40,1,8,5,6
704,8,7,2026-08-09 09:15:28,29,0,11,7,2
705,8,7,2026-08-30 14:42:28,37,1,13,5,3
706,8,7,2026-04-24 14:52:28,19,1,5,3,0
707,8,6,2026-05-03 21:32:28,35,1,8,5,6
708,8,7,2026-04-29 07:48:28,23,1,8,5,0
709,8,4,2026-07-31 04:22:28,40,1,7,5,2
710,8,7,2026-08-31 14:41:28,36,1,5,6,3
711,8,8,2026-06-23 07:41:28,15,0,10,3,4
712,8,7,2026-04-22 01:11:28,21,1,8,3,1
713,8,1,2026-03-21 11:00:28,27,0,8,5,5
714,8,7,2026-05-23 12:17:28,18,1,6,6,4
715,8,7,2026-09-01 02:13:28,26,0,9,4,0
716,8,7,2026-08-17 09:47:28,32,0,9,8,3
717,8,3,2026-08-17 23:48:28,16,1,10,4,4
718,8,7,2026-07-16 13:17:28,40,1,9,4,1
719,8,7,2026-08-28 08:55:28,43,1,11,2,3
720,8,7,2026-06-02 09:28:28,30,0,8,4,0
721,8,8,2026-04-13 09:32:28,23,0,10,7,1
722,8,7,2026-06-19 18:51:28,31,1,8,1,3
723,8,7,2026-07-22 17:18:28,44,1,11,6,5
724,8,4,2026-05-13 03:07:28,42,1,10,6,6
725,8,7,2026-09-06 05:35:28,41,0,11,5,3
726,8,9,2026-08-30 01:07:28,19,1,11,5,1
727,8,10,2026-06-26 01:22:28,19,0,4,6,4
728,8,7,2026-08-29 17:04:28,26,0,7,6,2
729,8,1,2026-05-23 02:31:28,20,0,13,8,1
730,8,5,2026-07-08 04:29:28,15,1,9,7,5
731,8,7,2026-04-06 12:16:28,22,1,4,6,3
732,8,10,2026-05-15 01:45:28,45,0,11,5,2
733,8,8,2026-04-19 04:03:28,26,1,8,1,3
734,8,1,2026-09-08 18:37:28,44,1,11,11,5
735,8,7,2026-03-23 19:16:28,12,0,10,1,2
736,8,3,2026-05-17 10:18:28,13,1,9,5,10
737,8,7,2026-03-20 19:18:28,20,0,12,2,5
738,8,7,2026-04-10 06:44:28,12,0,9,2,1
739,8,7,2026-03-26 06:23:28,25,0,6,4,3
740,8,6,2026-09-04 05:21:28,35,0,4,9,5
741,8,7,2026-08-12 21:43:28,25,1,11,5,1
742,8,7,2026-07-21 22:12:28,25,1,5,1,4
743,8,7,2026-05-11 15:10:28,43,1,7,3,5
744,8,8,2026-05-24 11:57:28,30,0,10,4,1
745,8,7,2026-08-26 06:24:28,41,0,6,1,4
746,8,7,2026-07-09 05:19:28,22,1,7,5,3
747,8,8,2026-05-18 21:18:28,20,1,11,9,5
748,8,7,2026-07-19 15:24:28,13,0,9,6,3
749,8,7,2026-04-29 17:57:28,45,0,6,2,0
750,9,5,2026-09-05 04:05:28,30,1,9,4,5
751,9,5,2026-03-23 10:24:28,23,1,12,9,3
752,9,3,2026-05-28 00:15:28,20,1,6,6,3
753,9,5,2026-05-02 03:36:28,40,1,7,2,4
754,9,5,2026-05-22 22:13:28,21,1,8,9,4
755,9,5,2026-04-23 10:23:28,30,0,5,4,2
756,9,5,2026-05-18 07:46:28,19,0,7,6,2
757,9,5,2026-06-26 07:16:28,17,0,7,7,4
758,9,4,2026-07-29 08:22:28,29,0,6,5,8
759,9,5,2026-06-27 12:33:28,43,0,5,1,5
760,9,1,2026-06-14 19:58:28,39,0,8,4,4
761,9,5,2026-06-02 18:02:28,40,1,4,9,4
762,9,5,2026-08-12 13:06:28,38,0,8,7,3
763,9,3,2026-08-26 08:55:28,36,1,3,5,4
764,9,5,2026-07-28 02:48:28,20,0,8,2,4
765,9,5,2026-07-22 08:14:28,41,0,14,6,4
766,9,3,2026-08-16 10:49:28,42,1,6,8,2
767,9,5,2026-05-14 06:52:28,29,1,4,5,3
768,9,6,2026-03-24 05:04:28,42,0,10,1,1
769,9,5,2026-03-24 04:31:28,41,0,11,5,2
770,9,5,2026-09-04 23:15:28,34,1,8,3,5
771,9,5,2026-04-30 22:08:28,22,0,10,5,1
772,9,5,2026-08-12 08:42:28,34,1,5,4,1
773,9,5,2026-08-08 15:58:28,25,1,9,3,4
774,9,5,2026-05-03 14:20:28,45,1,8,7,1
775,9,2,2026-06-29 09:33:28,34,1,10,4,3
776,9,5,2026-08-03 22:45:28,33,0,9,7,1
777,9,5,2026-07-26 04:42:28,20,0,10,9,4
778,9,7,2026-05-30 07:41:28,42,0,10,5,2
779,9,5,2026-08-31 22:51:28,14,1,6,2,0
780,9,2,2026-07-31 10:15:28,24,0,10,6,2
781,9,5,2026-05-11 12:13:28,22,1,13,1,5
782,9,5,2026-05-05 01:44:28,12,0,8,7,5
783,9,5,2026-05-18 20:38:28,44,1,9,4,2
784,9,3,2026-06-11 18:40:28,34,1,2,6,3
785,9,5,2026-05-13 20:49:28,20,1,15,8,4
786,9,9,2026-07-06 17:33:28,36,0,10,7,4
787,9,5,2026-07-31 06:46:28,39,0,10,3,0
788,9,8,2026-03-29 05:33:28,43,0,13,4,3
789,9,5,2026-08-05 06:56:28,18,0,8,4,1
790,9,5,2026-08-17 01:12:28,37,1,11,6,7
791,9,8,2026-06-17 16:54:28,37,1,8,2,2
792,9,7,2026-08-21 04:58:28,41,0,14,4,3
793,9,5,2026-05-12 10:00:28,16,0,7,4,4
794,9,5,2026-04-10 11:52:28,31,1,9,3,2
795,9,5,2026-05-14 15:55:28,43,1,9,1,3
796,9,5,2026-05-30 05:05:28,14,1,7,6,1
797,9,5,2026-03-21 03:32:28,31,1,6,6,5
798,9,5,2026-04-24 10:06:28,19,1,9,4,1
799,9,5,2026-06-09 00:09:28,15,0,5,4,2
800,9,5,2026-06-27 07:03:28,30,0,8,3,2
801,9,5,2026-06-12 05:49:28,33,1,10,3,3
802,9,5,2026-07-16 01:08:28,27,0,8,4,3
803,9,10,2026-09-07 17:25:28,32,1,6,1,4
804,9,7,2026-04-20 08:23:28,42,0,10,6,2
805,9,7,2026-06-22 16:11:28,25,0,8,5,0
806,9,5,2026-05-29 02:15:28,35,0,9,3,5
807,9,5,2026-07-02 13:34:28,15,0,10,1,1
808,9,5,2026-04-18 21:39:28,18,1,8,5,2
809,9,5,2026-05-10 22:54:28,31,0,5,4,3
810,9,5,2026-05-23 10:13:28,44,0,10,5,5
811,9,3,2026-07-10 11:22:28,41,0,6,3,4
812,9,5,2026-05-07 02:18:28,15,0,12,5,1
813,9,5,2026-08-31 11:30:28,32,1,11,7,2
814,9,5,2026-03-25 12:37:28,28,1,12,6,0
815,9,5,2026-04-26 18:15:28,43,1,9,5,4
816,9,5,2026-07-12 23:40:28,13,0,6,5,5
817,9,3,2026-06-28 12:36:28,17,0,13,5,3
818,9,5,2026-06-08 04:21:28,17,1,8,9,2
819,9,5,2026-07-14 16:12:28,45,0,7,5,2
820,9,4,2026-07-18 18:42:28,36,0,5,5,1
821,9,5,2026-05-14 14:56:28,15,1,9,6,0
822,9,5,2026-07-08 04:12:28,27,0,12,4,5
823,9,5,2026-03-24 10:13:28,15,0,9,4,6
824,9,5,2026-03-26 04:59:28,35,0,8,3,8
825,9,5,2026-07-02 06:04:28,28,1,8,5,7
826,9,4,2026-04-08 22:19:28,40,1,7,5,2
827,9,7,2026-06-23 18:43:28,38,0,8,5,3
828,9,2,2026-06-01 12:35:28,34,0,5,4,1
829,9,9,2026-04-06 04:30:28,40,0,8,5,6
830,9,5,2026-08-08 00:37:28,19,1,10,4,5
831,9,5,2026-05-24 16:49:28,32,0,11,2,5
832,9,3,2026-07-29 06:16:28,30,1,5,3,0
833,9,5,2026-04-27 11:03:28,13,1,14,1,4
834,9,4,2026-09-04 19:27:28,22,0,7,6,3
835,9,10,2026-05-28 17:39:28,45,1,11,6,4
836,9,8,2026-07-05 16:16:28,29,1,8,4,2
837,9,5,2026-06-02 02:59:28,24,1,9,6,4
838,9,5,2026-07-15 20:31:28,40,1,4,4,5
839,9,8,2026-06-10 18:42:28,25,1,3,5,5
840,9,5,2026-05-19 21:03:28,27,1,8,4,3
841,9,10,2026-03-29 20:29:28,37,0,9,4,1
842,9,5,2026-05-11 16:19:28,22,0,8,6,3
843,9,8,2026-08-15 16:06:28,14,1,7,7,4
844,9,5,2026-04-14 00:08:28,28,0,10,6,2
845,9,5,2026-09-04 02:42:28,40,1,11,7,0
846,9,5,2026-05-29 05:11:28,41,1,9,6,3
847,9,8,2026-08-16 21:13:28,21,1,6,7,1
848,9,5,2026-07-09 13:55:28,44,0,9,5,4
849,9,10,2026-07-15 16:08:28,16,1,9,5,3
850,9,6,2026-06-13 12:59:28,37,1,7,3,0
851,9,2,2026-04-09 23:57:28,41,0,9,5,4
852,9,1,2026-06-25 13:43:28,40,1,5,7,4
853,9,5,2026-08-24 19:32:28,36,0,9,3,4
854,9,5,2026-07-26 03:35:28,13,1,4,5,1
855,9,5,2026-06-29 09:46:28,39,1,4,1,4
856,9,6,2026-05-25 19:54:28,43,0,11,6,1
857,9,5,2026-04-08 18:36:28,39,0,4,6,4
858,9,5,2026-05-13 15:09:28,21,0,5,8,2
859,9,9,2026-03-25 22:53:28,20,1,7,5,4
860,9,9,2026-05-09 05:28:28,14,1,6,2,2
861,9,5,2026-05-12 08:35:28,17,1,4,5,4
862,9,5,2026-09-06 06:18:28,37,0,6,5,4
863,9,5,2026-06-22 02:45:28,28,0,7,8,3
864,9,5,2026-05-28 14:54:28,18,1,5,6,3
865,9,5,2026-07-01 12:02:28,43,1,13,5,1
866,9,10,2026-07-02 06:09:28,37,1,9,3,0
867,9,5,2026-05-16 11:00:28,25,1,9,5,7
868,9,5,2026-08-25 22:52:28,24,1,7,7,0
869,9,3,2026-05-20 08:28:28,43,0,10,5,5
870,9,10,2026-09-03 21:45:28,37,1,12,4,7
871,9,5,2026-09-07 16:30:28,30,0,7,1,5
872,9,5,2026-07-20 07:04:28,43,0,5,4,0
873,9,5,2026-08-18 16:15:28,42,1,8,5,5
874,9,6,2026-05-19 21:24:28,24,1,7,4,3
875,9,5,2026-08-14 23:08:28,41,0,5,3,6
876,9,7,2026-05-20 03:37:28,35,0,6,6,0
877,9,5,2026-08-22 18:57:28,43,0,12,6,4
878,9,8,2026-06-18 00:14:28,13,1,10,5,4
879,9,5,2026-08-18 12:04:28,39,1,12,1,4
880,9,5,2026-09-05 14:08:28,34,0,9,1,4
881,9,5,2026-05-23 05:21:28,40,1,7,2,1
882,9,10,2026-05-11 05:33:28,14,0,4,5,2
883,9,5,2026-05-13 05:45:28,44,1,9,6,3
884,9,5,2026-05-27 18:57:28,24,1,4,5,2
885,9,1,2026-06-02 20:50:28,35,1,10,3,2
886,9,4,2026-08-12 18:30:28,26,1,9,5,1
887,9,5,2026-05-27 04:10:28,13,1,3,6,4
888,9,9,2026-05-29 07:03:28,22,0,6,6,4
889,9,5,2026-07-03 18:50:28,45,1,10,4,0
890,9,5,2026-06-21 08:52:28,32,0,5,3,2
891,9,9,2026-03-22 21:21:28,40,0,10,6,0
892,10,2,2026-05-06 14:41:28,20,1,4,3,6
893,10,4,2026-05-01 12:55:28,13,1,6,4,3
894,10,4,2026-08-20 07:06:28,44,0,7,4,5
895,10,5,2026-04-24 08:58:28,31,0,9,5,2
896,10,4,2026-06-19 22:56:28,26,0,8,6,0
897,10,4,2026-08-21 21:57:28,27,0,8,2,2
898,10,4,2026-05-31 19:05:28,21,1,6,5,1
899,10,4,2026-06-05 13:04:28,45,1,12,3,1
900,10,7,2026-03-24 16:26:28,40,0,10,2,2
901,10,7,2026-05-05 05:07:28,44,0,10,5,3
902,10,8,2026-08-17 12:36:28,35,1,8,4,0
903,10,2,2026-07-01 23:06:28,35,1,8,4,4
904,10,4,2026-06-30 23:28:28,15,0,12,6,5
905,10,4,2026-05-16 13:35:28,38,0,8,5,1
906,10,4,2026-08-12 15:55:28,20,1,14,3,5
907,10,8,2026-06-10 01:12:28,38,0,12,7,5
908,10,6,2026-04-05 06:07:28,29,0,11,8,2
909,10,1,2026-07-29 12:01:28,17,0,11,1,2
910,10,4,2026-05-12 08:30:28,42,0,9,7,2
911,10,4,2026-08-26 14:56:28,40,0,9,5,3
912,10,7,2026-05-29 02:59:28,33,0,7,1,3
913,10,4,2026-07-06 04:14:28,22,0,8,6,4
914,10,4,2026-09-01 12:10:28,22,0,10,7,7
915,10,3,2026-07-12 20:19:28,32,1,12,5,2
916,10,2,2026-05-13 15:47:28,27,1,12,5,6
917,10,7,2026-06-04 11:31:28,13,0,9,6,2
918,10,4,2026-07-15 14:12:28,18,0,9,4,8
919,10,3,2026-06-13 14:42:28,21,1,8,5,2
920,10,4,2026-09-07 09:06:28,40,0,8,1,5
921,10,10,2026-03-26 20:10:28,28,1,9,4,5
922,10,4,2026-07-03 06:05:28,16,0,8,4,3
923,10,4,2026-06-27 09:52:28,44,1,12,6,3
924,10,5,2026-06-22 01:57:28,32,0,12,4,1
925,10,4,2026-09-16 08:49:28,42,0,14,5,3
926,10,7,2026-05-03 06:22:28,37,0,9,4,1
927,10,2,2026-04-16 20:55:28,36,0,14,2,2
928,10,4,2026-05-21 20:30:28,19,0,10,7,0
929,10,8,2026-08-24 12:12:28,24,1,9,1,2
930,10,4,2026-05-13 12:27:28,29,1,5,3,3
931,10,4,2026-08-04 14:18:28,43,1,11,3,5
932,10,4,2026-08-31 13:04:28,23,0,6,3,1
933,10,4,2026-07-29 10:00:28,29,1,9,7,3
934,10,4,2026-09-16 18:34:28,41,0,13,3,1
935,10,1,2026-05-20 16:14:28,45,0,7,8,2
936,10,4,2026-06-01 14:58:28,29,0,10,5,2
937,10,4,2026-03-24 18:41:28,26,1,10,5,3
938,10,4,2026-09-09 16:46:28,18,1,9,4,4
939,10,4,2026-07-17 21:31:28,42,1,11,1,4
940,10,6,2026-08-23 11:48:28,40,0,7,4,4
941,10,4,2026-08-16 07:02:28,16,1,16,4,0
942,10,8,2026-03-28 07:14:28,18,1,14,3,2
943,10,5,2026-05-23 20:02:28,12,0,6,6,0
944,10,4,2026-05-23 15:29:28,13,1,12,4,2
945,10,4,2026-04-24 04:50:28,24,1,12,6,6
946,10,5,2026-07-17 04:27:28,23,1,11,2,3
947,10,1,2026-08-10 17:07:28,21,1,6,3,2
948,10,4,2026-09-03 01:02:28,21,1,7,4,3
949,10,4,2026-08-30 21:29:28,24,0,11,3,3
950,10,4,2026-04-21 13:49:28,33,1,11,4,1
951,10,10,2026-07-23 09:01:28,43,1,9,5,6
952,10,4,2026-06-13 02:08:28,33,1,5,5,5
953,10,4,2026-07-04 18:07:28,21,0,10,4,1
954,10,4,2026-07-29 02:23:28,13,0,12,4,2
955,10,4,2026-09-12 03:08:28,24,1,9,6,4
956,10,2,2026-06-23 01:58:28,19,1,7,4,1
957,10,4,2026-09-01 05:06:28,39,1,11,2,8
958,10,4,2026-03-23 20:22:28,36,0,6,5,2
959,10,4,2026-08-09 21:57:28,30,1,5,1,3
960,10,4,2026-04-20 16:27:28,44,0,5,4,4
961,10,4,2026-06-13 16:07:28,44,1,5,5,5
962,10,4,2026-05-13 16:58:28,42,1,11,4,1
963,10,4,2026-05-25 01:08:28,24,1,13,3,4
964,10,4,2026-07-13 14:21:28,35,1,10,6,1
965,10,4,2026-04-10 21:40:28,44,0,8,7,3
966,10,4,2026-07-09 20:05:28,32,1,10,1,5
967,10,4,2026-05-08 14:29:28,44,1,9,5,4
968,10,5,2026-05-01 02:18:28,14,0,8,5,3
969,10,4,2026-03-20 12:31:28,24,0,9,8,3
970,10,9,2026-06-05 19:18:28,34,0,3,6,3
971,10,1,2026-07-25 16:57:28,26,1,4,4,4
972,10,4,2026-06-22 06:13:28,41,0,12,2,2
973,10,4,2026-06-14 04:24:28,13,1,10,1,4
974,10,3,2026-06-23 01:27:28,34,1,12,4,1
975,10,4,2026-04-25 08:03:28,13,0,5,6,1
976,10,3,2026-06-12 02:10:28,37,0,9,7,3
977,10,2,2026-08-25 03:17:28,31,0,10,5,1
978,10,4,2026-09-11 02:46:28,43,0,8,7,4
979,10,4,2026-09-02 20:34:28,41,0,8,5,2
980,10,4,2026-08-20 04:44:28,22,1,13,6,1
981,10,4,2026-06-29 18:23:28,25,1,16,7,4
982,10,8,2026-05-11 09:46:28,24,1,8,3,2
983,10,4,2026-05-05 21:55:28,27,1,12,4,4
984,10,8,2026-04-04 17:34:28,30,1,6,2,1
985,10,4,2026-07-16 03:01:28,38,0,10,3,5
986,10,7,2026-06-08 09:18:28,18,1,4,6,2
987,10,4,2026-03-23 01:44:28,16,0,13,8,0
988,10,7,2026-08-21 15:55:28,16,0,8,1,1
989,10,6,2026-06-11 21:25:28,41,1,10,6,3
990,10,4,2026-06-25 10:16:28,20,1,9,5,3
991,10,8,2026-07-08 03:38:28,42,1,13,6,3
992,10,4,2026-08-05 06:30:28,37,1,6,6,4
993,10,1,2026-05-26 09:22:28,25,0,11,6,3
994,10,4,2026-06-09 09:35:28,18,0,10,2,3
995,10,4,2026-07-18 02:19:28,35,1,14,5,3
996,10,4,2026-03-26 10:18:28,24,1,2,6,3
997,10,4,2026-06-02 15:39:28,14,0,14,7,1
998,10,4,2026-05-01 19:39:28,25,1,5,3,3
999,10,2,2026-06-10 01:53:28,12,1,11,6,6
1000,10,4,2026-09-06 06:51:28,35,1,10,6,0
1001,10,7,2026-07-15 05:54:28,22,1,2,1,5
1002,10,7,2026-08-03 11:27:28,33,0,11,7,2
1003,10,6,2026-06-11 15:42:28,40,0,9,4,7
1004,10,4,2026-04-13 04:54:28,13,1,10,4,3
1005,10,4,2026-07-28 03:58:28,30,0,9,2,5
1006,10,4,2026-06-25 04:34:28,40,0,10,5,6
1007,10,4,2026-09-11 01:19:28,30,0,9,2,6
1008,10,6,2026-03-25 09:23:28,27,1,9,5,4
1009,10,10,2026-08-31 02:34:28,43,0,7,4,2
1010,10,4,2026-04-18 14:24:28,23,0,8,5,3
1011,10,4,2026-06-01 03:07:28,27,1,13,6,2
1012,10,5,2026-05-17 06:25:28,29,1,14,2,4
1013,10,6,2026-05-17 08:28:28,21,1,11,6,0
1014,10,7,2026-04-29 03:09:28,21,0,9,5,0
1015,10,4,2026-05-20 02:28:28,20,1,6,5,2
1016,10,4,2026-05-14 19:20:28,35,1,9,7,3
1017,10,7,2026-09-08 04:54:28,38,0,7,6,1
1018,10,4,2026-06-19 15:45:28,28,0,6,5,5
1019,10,6,2026-06-16 11:36:28,14,0,5,1,3
1020,11,3,2026-09-14 05:09:28,22,1,7,4,2
1021,11,7,2026-08-05 18:34:28,39,1,4,2,2
1022,11,3,2026-04-19 22:38:28,36,1,9,7,2
1023,11,2,2026-06-07 09:17:28,25,1,5,3,4
1024,11,3,2026-03-22 18:53:28,16,0,7,4,3
1025,11,3,2026-05-16 02:56:28,24,0,9,3,1
1026,11,3,2026-09-02 02:54:28,24,1,13,3,2
1027,11,4,2026-08-27 23:08:28,22,1,12,3,1
1028,11,3,2026-05-17 16:35:28,27,1,6,5,3
1029,11,2,2026-08-24 01:56:28,14,1,9,9,1
1030,11,3,2026-05-15 16:59:28,29,1,5,1,0
1031,11,10,2026-03-30 19:32:28,35,1,5,7,7
1032,11,3,2026-09-16 17:33:28,18,1,9,3,4
1033,11,7,2026-03-22 00:39:28,29,0,11,4,0
1034,11,3,2026-04-01 02:44:28,38,0,6,3,1
1035,11,3,2026-03-27 17:59:28,32,0,12,4,0
1036,11,3,2026-05-30 16:53:28,34,1,5,4,0
1037,11,2,2026-09-09 04:47:28,44,0,9,6,5
1038,11,3,2026-08-04 17:55:28,41,1,12,8,0
1039,11,8,2026-08-20 18:18:28,17,0,10,6,3
1040,11,1,2026-07-23 00:21:28,29,1,5,8,1
1041,11,2,2026-07-21 13:29:28,33,0,13,3,0
1042,11,10,2026-04-02 11:13:28,36,1,10,2,7
1043,11,7,2026-08-18 13:35:28,24,0,10,5,4
1044,11,3,2026-06-30 07:02:28,12,0,10,7,2
1045,11,4,2026-05-06 10:29:28,20,0,12,4,1
1046,11,4,2026-08-10 23:01:28,32,1,13,8,3
1047,11,8,2026-04-16 22:13:28,14,0,11,6,3
1048,11,3,2026-04-09 01:47:28,42,0,4,9,8
1049,11,3,2026-07-21 09:14:28,25,0,3,8,1
1050,11,3,2026-09-11 14:26:28,22,0,14,4,1
1051,11,3,2026-07-06 09:22:28,30,1,7,5,2
1052,12,9,2026-07-01 17:31:28,15,1,12,4,0
1053,12,10,2026-04-04 08:50:28,24,1,10,2,4
1054,12,9,2026-06-12 18:34:28,21,0,13,7,5
1055,12,3,2026-04-03 21:35:28,44,0,18,7,3
1056,12,3,2026-06-07 16:28:28,27,1,12,3,3
1057,12,9,2026-05-21 10:57:28,17,1,14,7,4
1058,12,9,2026-08-27 04:59:28,19,1,2,4,3
1059,12,9,2026-03-24 05:55:28,29,0,11,4,1
1060,12,3,2026-04-24 04:52:28,31,1,10,7,3
1061,12,9,2026-06-08 14:10:28,13,1,16,2,4
1062,12,9,2026-07-25 10:40:28,19,1,16,1,3
1063,12,3,2026-08-15 13:31:28,14,0,11,4,1
1064,12,9,2026-08-27 04:53:28,14,1,12,1,2
1065,12,9,2026-09-05 15:25:28,31,1,8,3,3
1066,12,5,2026-05-06 21:07:28,32,0,11,1,4
1067,12,9,2026-07-24 04:34:28,31,1,16,6,3
1068,12,4,2026-08-28 14:22:28,39,1,13,3,6
1069,12,9,2026-03-24 04:15:28,39,1,14,3,4
1070,12,9,2026-06-13 13:54:28,24,1,12,3,0
1071,12,9,2026-04-16 00:42:28,13,1,10,4,5
1072,12,9,2026-06-24 11:17:28,16,1,11,6,5
1073,12,9,2026-06-13 01:33:28,18,0,12,3,3
1074,12,9,2026-04-19 16:26:28,31,1,9,5,2
1075,12,9,2026-08-04 22:17:28,15,1,9,3,3
1076,12,7,2026-05-17 12:55:28,37,1,13,5,0
1077,12,9,2026-09-03 11:19:28,29,1,10,4,4
1078,12,4,2026-06-18 17:09:28,40,0,13,2,4
1079,12,9,2026-04-08 06:10:28,31,1,5,6,6
1080,12,7,2026-07-18 05:57:28,16,0,8,5,1
1081,12,9,2026-03-27 15:47:28,39,1,11,1,0
1082,12,3,2026-06-06 08:40:28,19,1,12,1,2
1083,12,1,2026-03-25 12:21:28,45,0,10,1,3
1084,12,9,2026-07-22 03:10:28,45,1,16,6,7
1085,12,9,2026-08-19 21:36:28,35,0,4,3,1
1086,12,4,2026-07-02 16:39:28,30,0,13,6,0
1087,12,9,2026-09-07 17:20:28,44,1,11,1,3
1088,12,8,2026-06-19 05:29:28,31,1,14,6,3
1089,12,9,2026-05-04 15:35:28,17,0,12,6,5
1090,12,7,2026-07-21 17:05:28,28,1,13,3,3
1091,12,9,2026-04-01 18:09:28,40,1,10,4,3
1092,12,9,2026-08-20 02:40:28,24,1,10,2,4
1093,12,9,2026-03-31 00:04:28,42,1,9,5,6
1094,12,9,2026-06-25 19:30:28,20,1,12,1,3
1095,12,9,2026-08-16 03:50:28,13,0,13,2,4
1096,12,9,2026-05-30 12:46:28,33,1,12,4,2
1097,12,7,2026-08-01 00:38:28,44,1,11,5,0
1098,12,9,2026-07-28 16:58:28,39,1,13,4,6
1099,12,2,2026-07-21 05:02:28,21,0,9,4,6
1100,12,9,2026-09-12 12:06:28,39,1,11,8,3
1101,12,9,2026-06-22 18:36:28,26,0,9,5,1
1102,12,9,2026-06-15 23:34:28,29,1,3,3,2
1103,12,7,2026-07-24 23:24:28,32,1,13,3,6
1104,12,9,2026-06-15 21:44:28,43,0,11,5,4
1105,12,9,2026-04-19 15:05:28,35,1,15,4,4
1106,12,4,2026-08-14 11:39:28,18,0,9,4,5
1107,12,2,2026-08-23 06:35:28,40,1,17,3,4
1108,12,10,2026-05-04 03:54:28,24,1,10,3,0
1109,12,9,2026-06-15 17:50:28,34,1,9,3,6
1110,12,2,2026-09-12 03:27:28,44,0,7,6,4
1111,12,3,2026-05-13 09:46:28,37,1,12,4,4
1112,12,9,2026-06-10 13:57:28,44,1,11,6,4
1113,12,7,2026-05-08 17:36:28,12,1,11,4,1
1114,12,9,2026-07-10 14:18:28,30,0,10,4,7
1115,12,9,2026-08-13 23:55:28,29,1,9,3,0
1116,12,1,2026-09-16 11:00:28,19,0,6,4,7
1117,12,9,2026-06-04 12:16:28,20,1,10,4,2
1118,12,9,2026-07-22 23:36:28,34,0,8,4,3
1119,12,9,2026-03-24 20:06:28,18,0,3,3,4
1120,12,5,2026-07-22 22:04:28,40,0,6,2,1
1121,12,9,2026-06-15 04:05:28,39,1,13,1,4
1122,12,2,2026-07-30 13:42:28,23,1,13,1,4
1123,12,9,2026-03-25 12:24:28,37,0,11,3,4
1124,12,9,2026-08-22 15:10:28,37,1,13,2,4
1125,12,9,2026-04-06 07:39:28,12,0,13,4,2
1126,13,5,2026-08-20 14:38:28,12,1,11,4,3
1127,13,6,2026-06-30 21:49:28,22,0,12,5,3
1128,13,4,2026-09-12 07:37:28,19,1,4,3,3
1129,13,4,2026-07-20 18:34:28,13,1,5,4,6
1130,13,4,2026-03-26 05:18:28,36,1,15,3,7
1131,13,4,2026-08-17 20:50:28,33,0,12,9,3
1132,13,2,2026-06-23 12:40:28,45,0,11,3,2
1133,13,4,2026-07-09 16:06:28,18,1,14,2,2
1134,13,5,2026-08-09 10:45:28,12,0,9,4,2
1135,13,4,2026-04-22 18:33:28,19,1,5,5,7
1136,13,5,2026-06-18 22:15:28,36,1,9,4,4
1137,13,4,2026-06-10 18:51:28,27,1,14,4,2
1138,13,4,2026-06-11 06:17:28,26,1,9,2,3
1139,13,7,2026-09-17 02:12:28,35,1,11,1,3
1140,13,1,2026-09-01 21:13:28,19,1,12,3,3
1141,13,4,2026-07-17 01:57:28,38,0,11,3,0
1142,13,1,2026-06-13 08:15:28,21,0,12,6,5
1143,13,7,2026-09-10 04:08:28,22,1,9,1,6
1144,13,4,2026-08-10 02:55:28,38,1,13,6,4
1145,13,4,2026-04-04 09:25:28,40,1,3,3,0
1146,13,4,2026-05-12 03:40:28,23,1,11,7,4
1147,13,4,2026-07-01 01:23:28,44,0,8,1,0
1148,13,4,2026-07-24 19:28:28,20,1,8,6,3
1149,13,4,2026-05-17 22:27:28,41,1,14,1,2
1150,13,7,2026-07-29 23:56:28,39,0,10,6,6
1151,13,4,2026-09-01 01:55:28,18,1,6,2,5
1152,13,5,2026-07-11 06:14:28,27,1,11,5,7
1153,13,10,2026-09-14 20:58:28,31,1,14,4,4
1154,13,7,2026-08-14 09:09:28,34,1,11,3,5
1155,13,6,2026-05-17 13:08:28,36,1,10,3,3
1156,13,1,2026-07-20 01:47:28,17,1,9,5,5
1157,13,3,2026-06-21 17:52:28,45,0,14,8,0
1158,13,6,2026-03-26 19:55:28,14,1,10,1,0
1159,13,4,2026-09-14 04:16:28,18,0,4,1,0
1160,13,5,2026-05-13 05:56:28,17,1,6,8,2
1161,13,4,2026-08-02 17:25:28,16,1,10,5,1
1162,13,4,2026-08-16 13:44:28,20,1,9,4,7
1163,13,4,2026-06-15 15:39:28,40,1,10,6,1
1164,13,6,2026-03-27 07:41:28,28,1,7,3,1
1165,13,1,2026-06-13 03:44:28,30,0,10,8,7
1166,13,2,2026-05-20 17:09:28,34,1,11,6,1
1167,13,8,2026-07-27 19:26:28,39,1,11,5,5
1168,13,4,2026-08-18 23:38:28,42,1,10,6,3
1169,13,4,2026-09-01 20:48:28,36,1,12,4,4
1170,13,8,2026-07-10 00:32:28,39,1,14,4,3
1171,13,2,2026-05-06 01:50:28,38,1,10,5,5
1172,13,5,2026-06-21 23:00:28,39,1,8,8,4
1173,13,4,2026-06-18 09:29:28,39,1,7,5,3
1174,13,1,2026-06-26 10:28:28,21,1,9,5,2
1175,13,6,2026-07-11 15:22:28,38,1,16,1,1
1176,13,8,2026-09-08 01:41:28,18,0,10,6,1
1177,13,4,2026-03-27 13:27:28,24,1,9,4,2
1178,13,6,2026-08-16 09:16:28,44,0,12,8,3
1179,13,4,2026-08-19 03:08:28,33,0,8,5,4
1180,13,4,2026-06-11 23:25:28,39,1,8,3,3
1181,13,7,2026-08-22 06:05:28,17,0,8,1,4
1182,13,10,2026-04-07 17:59:28,18,0,10,7,5
1183,13,4,2026-08-19 02:28:28,36,0,7,1,4
1184,14,2,2026-09-15 20:21:28,37,0,14,1,4
1185,14,9,2026-03-29 00:54:28,38,1,11,3,5
1186,14,2,2026-05-07 12:40:28,35,0,5,5,3
1187,14,2,2026-09-03 13:25:28,37,1,6,4,1
1188,14,2,2026-06-27 15:29:28,37,0,8,2,5
1189,14,2,2026-04-10 00:16:28,37,1,9,3,5
1190,14,3,2026-09-14 11:41:28,39,0,12,5,4
1191,14,3,2026-05-23 11:29:28,20,1,7,1,5
1192,14,6,2026-05-03 00:46:28,24,1,11,4,2
1193,14,7,2026-08-19 17:28:28,18,0,8,3,6
1194,14,2,2026-08-28 16:16:28,17,1,8,4,7
1195,14,4,2026-07-25 09:41:28,16,1,9,4,8
1196,14,2,2026-08-01 22:57:28,22,0,13,3,1
1197,14,2,2026-05-16 12:11:28,34,1,5,3,8
1198,14,1,2026-04-15 08:08:28,24,1,11,4,0
1199,14,2,2026-06-26 04:25:28,13,0,9,3,0
1200,14,2,2026-07-28 06:00:28,42,0,14,6,2
1201,14,2,2026-07-30 00:36:28,37,0,8,8,1
1202,14,2,2026-08-21 13:13:28,37,0,9,6,2
1203,14,10,2026-04-17 23:52:28,39,1,11,1,0
1204,14,10,2026-06-13 11:33:28,34,1,10,3,4
1205,14,8,2026-06-18 19:33:28,45,1,13,5,2
1206,14,2,2026-07-17 06:40:28,34,1,8,3,6
1207,14,2,2026-07-24 17:15:28,33,1,11,6,6
1208,14,6,2026-05-06 01:43:28,25,0,9,3,2
1209,14,2,2026-03-26 18:17:28,38,1,4,2,4
1210,14,2,2026-09-05 23:46:28,43,1,8,6,6
1211,14,2,2026-09-12 11:10:28,30,1,10,6,1
1212,14,10,2026-09-07 14:56:28,37,0,12,6,2
1213,14,1,2026-07-08 22:19:28,31,1,13,5,4
1214,14,7,2026-06-08 22:57:28,15,1,6,5,1
1215,14,8,2026-09-10 01:30:28,18,1,5,1,6
1216,14,2,2026-07-22 03:20:28,39,1,3,6,4
1217,14,2,2026-07-13 07:40:28,15,0,11,1,3
1218,14,2,2026-07-09 09:18:28,36,0,9,6,4
1219,14,2,2026-04-06 17:53:28,38,1,8,5,5
1220,14,9,2026-06-26 16:40:28,29,0,5,2,2
1221,14,2,2026-03-24 06:29:28,25,1,9,5,0
1222,14,2,2026-06-11 02:44:28,41,1,7,5,6
1223,14,2,2026-05-23 10:46:28,31,1,11,1,1
1224,14,2,2026-06-10 17:42:28,35,1,9,6,2
1225,14,9,2026-08-10 17:24:28,18,1,8,5,0
1226,14,2,2026-05-18 10:33:28,13,1,11,5,2
1227,14,2,2026-05-11 18:26:28,37,1,12,6,2
1228,14,2,2026-06-01 02:31:28,36,1,11,4,4
1229,14,2,2026-04-05 00:39:28,15,1,6,3,1
1230,14,4,2026-08-31 14:59:28,27,1,9,7,1
1231,14,2,2026-05-14 02:07:28,29,1,6,2,2
1232,14,2,2026-09-17 05:55:28,30,1,10,2,1
1233,14,2,2026-06-28 09:53:28,22,0,6,2,5
1234,14,2,2026-03-30 16:57:28,12,1,6,5,2
1235,14,2,2026-04-17 21:07:28,12,1,15,4,5
1236,14,10,2026-09-12 13:47:28,14,1,14,6,1
1237,14,5,2026-06-23 17:42:28,31,0,7,4,4
1238,14,2,2026-06-15 17:29:28,28,1,10,2,2
1239,14,2,2026-08-19 23:56:28,42,1,8,1,4
1240,14,1,2026-06-17 16:09:28,21,1,3,3,4
1241,14,2,2026-04-07 05:27:28,36,0,8,2,3
1242,14,9,2026-08-04 00:05:28,45,0,10,1,5
1243,14,6,2026-04-21 15:23:28,14,0,7,6,5
1244,14,10,2026-07-06 05:23:28,34,1,9,5,1
1245,14,8,2026-07-01 16:31:28,22,0,12,7,1
1246,14,2,2026-04-19 04:56:28,30,0,9,5,3
1247,14,2,2026-07-06 16:00:28,34,1,5,6,5
1248,14,9,2026-05-29 13:10:28,24,1,9,6,4
1249,14,5,2026-06-07 05:48:28,39,1,6,5,4
1250,14,5,2026-04-22 04:23:28,32,0,5,5,5
1251,14,4,2026-05-01 02:53:28,41,1,7,5,2
1252,14,2,2026-03-23 22:27:28,40,0,12,3,3
1253,14,2,2026-09-09 14:04:28,41,0,7,6,0
1254,14,2,2026-07-16 13:20:28,31,0,11,5,4
1255,14,2,2026-08-15 19:23:28,37,1,5,4,2
1256,14,8,2026-08-27 07:16:28,15,0,14,6,1
1257,14,2,2026-09-02 05:00:28,33,0,12,6,4
1258,14,9,2026-04-26 16:14:28,21,0,6,6,3
1259,14,2,2026-05-15 11:51:28,12,0,8,4,1
1260,14,2,2026-08-24 00:42:28,45,1,6,7,6
1261,14,2,2026-05-17 02:52:28,37,1,11,3,4
1262,14,9,2026-05-30 04:09:28,19,1,10,3,2
1263,14,3,2026-05-18 16:45:28,24,1,9,3,0
1264,14,2,2026-06-08 19:58:28,29,0,9,7,2
1265,14,2,2026-09-14 13:20:28,36,1,10,3,3
1266,14,2,2026-06-19 04:23:28,14,0,11,7,1
1267,14,2,2026-07-25 21:14:28,44,0,8,10,1
1268,14,9,2026-04-02 13:55:28,34,1,14,7,4
1269,14,2,2026-08-30 11:07:28,37,0,10,3,3
1270,14,2,2026-04-01 15:12:28,44,0,7,3,2
1271,14,2,2026-09-06 08:08:28,16,0,6,3,0
1272,14,3,2026-06-27 01:14:28,42,1,6,3,1
1273,14,4,2026-09-01 12:15:28,16,1,13,2,0
1274,14,2,2026-04-14 11:36:28,35,1,15,4,1
1275,14,3,2026-07-29 00:31:28,24,1,8,3,6
1276,14,2,2026-05-05 02:35:28,39,0,9,5,6
1277,14,2,2026-06-16 19:13:28,12,1,11,4,4
1278,14,2,2026-05-13 02:39:28,45,1,10,2,0
1279,14,10,2026-05-27 18:33:28,16,0,6,4,6
1280,14,2,2026-08-17 16:07:28,18,0,6,6,5
1281,14,2,2026-06-09 09:08:28,28,0,8,6,7
1282,14,2,2026-05-07 12:17:28,27,0,7,5,4
1283,14,2,2026-04-03 08:07:28,28,1,14,6,5
1284,14,2,2026-08-13 02:10:28,15,1,11,6,7
1285,14,2,2026-04-25 12:19:28,16,0,13,3,4
1286,14,1,2026-04-28 16:48:28,17,1,8,6,4
1287,14,5,2026-07-02 01:22:28,42,0,12,6,3
1288,14,2,2026-03-26 09:48:28,36,1,12,5,0
1289,14,9,2026-08-18 18:12:28,20,1,7,6,5
1290,14,2,2026-05-29 07:10:28,33,0,13,6,2
1291,14,2,2026-09-14 00:37:28,14,1,12,5,3
1292,14,2,2026-06-19 12:35:28,32,1,4,3,4
1293,14,4,2026-07-14 14:35:28,16,0,11,6,1
1294,14,2,2026-05-26 22:49:28,26,0,6,6,0
1295,14,9,2026-08-22 07:18:28,44,1,7,2,3
1296,14,2,2026-07-27 04:28:28,17,1,14,7,2
1297,14,9,2026-09-08 01:07:28,21,1,9,3,0
1298,14,8,2026-07-07 13:04:28,29,0,13,8,4
1299,14,2,2026-06-10 17:59:28,36,0,11,5,1
1300,14,2,2026-03-31 22:44:28,15,1,7,5,5
1301,14,2,2026-04-19 01:45:28,28,0,15,3,3
1302,14,6,2026-08-20 14:15:28,15,0,7,2,0
1303,14,2,2026-07-13 03:36:28,45,0,7,1,5
1304,14,8,2026-07-07 09:51:28,12,0,8,5,3
1305,14,2,2026-06-16 23:58:28,29,0,10,3,2
1306,14,10,2026-08-02 18:00:28,28,1,9,3,6
1307,14,2,2026-06-05 07:09:28,25,1,2,6,0
1308,14,2,2026-05-28 03:00:28,16,1,10,3,2
1309,14,2,2026-07-20 05:14:28,15,0,9,7,3
1310,14,3,2026-04-29 01:22:28,14,0,11,6,1
1311,14,2,2026-05-02 07:37:28,34,0,9,6,1
1312,14,6,2026-07-19 02:11:28,16,1,4,3,3
1313,14,2,2026-09-10 22:00:28,21,1,11,3,0
1314,14,6,2026-07-03 11:55:28,42,1,4,2,5
1315,14,2,2026-06-28 15:42:28,25,1,9,6,2
1316,14,9,2026-04-21 08:02:28,36,0,8,3,0
1317,14,3,2026-04-25 15:57:28,26,1,10,4,7
1318,14,9,2026-09-03 12:25:28,45,0,13,3,3
1319,14,2,2026-06-25 00:51:28,27,0,7,5,4
1320,14,6,2026-05-26 19:09:28,27,1,7,2,8
1321,14,2,2026-06-02 01:18:28,40,1,3,4,1
1322,14,3,2026-04-15 00:15:28,20,0,6,5,7
1323,14,6,2026-08-01 17:39:28,24,1,12,5,6
1324,14,2,2026-08-23 04:50:28,42,1,9,4,6
1325,14,7,2026-05-31 21:03:28,36,1,10,5,1
1326,14,2,2026-06-22 12:57:28,33,0,9,5,5
1327,14,2,2026-04-08 17:47:28,38,0,14,5,2
1328,14,7,2026-04-19 15:45:28,23,1,12,3,3
1329,15,10,2026-08-24 01:13:28,29,0,6,3,2
1330,15,3,2026-05-30 23:24:28,44,1,9,1,1
1331,15,3,2026-05-29 15:25:28,25,1,8,6,4
1332,15,3,2026-08-17 23:19:28,22,0,3,4,5
1333,15,3,2026-07-19 10:24:28,18,0,9,4,8
1334,15,3,2026-09-09 12:43:28,22,1,3,3,2
1335,15,9,2026-04-23 18:35:28,30,0,9,7,4
1336,15,9,2026-05-26 18:23:28,19,1,5,1,4
1337,15,3,2026-07-23 06:36:28,17,1,9,6,0
1338,15,3,2026-03-29 06:37:28,44,0,1,4,6
1339,15,6,2026-04-27 10:35:28,24,0,9,5,2
1340,15,1,2026-07-22 10:09:28,36,0,4,4,2
1341,15,3,2026-05-08 01:50:28,17,0,6,5,2
1342,15,3,2026-09-07 18:52:28,23,1,8,4,3
1343,15,10,2026-07-03 01:14:28,23,1,4,4,0
1344,15,8,2026-07-04 05:51:28,42,0,8,3,1
1345,15,3,2026-03-31 18:38:28,27,0,12,3,1
1346,15,3,2026-03-21 04:46:28,37,0,9,5,4
1347,15,8,2026-05-11 01:48:28,29,0,10,3,3
1348,15,7,2026-06-03 19:47:28,32,1,7,5,1
1349,15,7,2026-06-30 17:52:28,14,1,10,4,3
1350,15,3,2026-04-12 12:18:28,19,0,5,6,4
1351,15,3,2026-06-18 14:16:28,33,0,12,5,3
1352,15,3,2026-05-02 19:38:28,22,1,6,6,5
1353,15,4,2026-09-14 07:55:28,27,1,9,7,1
1354,15,9,2026-07-06 22:51:28,22,1,9,3,4
1355,15,3,2026-04-02 19:28:28,36,0,7,4,3
1356,15,3,2026-05-10 09:08:28,16,0,2,5,4
1357,15,7,2026-07-29 12:28:28,37,1,7,2,4
1358,15,6,2026-07-28 05:44:28,41,0,7,5,1
1359,15,3,2026-05-16 23:26:28,29,0,5,5,7
1360,15,9,2026-06-13 14:29:28,37,0,12,1,7
1361,15,8,2026-04-05 22:32:28,18,1,11,5,3
1362,15,3,2026-07-25 16:25:28,22,0,10,6,3
1363,15,2,2026-09-01 16:18:28,26,1,5,3,3
1364,15,3,2026-03-24 13:51:28,32,1,4,4,4
1365,15,1,2026-06-26 17:24:28,27,1,9,7,1
1366,15,9,2026-05-31 09:16:28,18,0,8,5,0
1367,15,3,2026-09-07 18:40:28,19,1,11,5,4
1368,15,3,2026-06-07 08:50:28,38,0,9,4,3
1369,15,3,2026-04-25 10:57:28,35,0,6,9,2
1370,15,3,2026-05-07 12:30:28,35,1,4,4,0
1371,15,3,2026-08-05 15:15:28,20,0,14,3,2
1372,15,8,2026-09-15 22:30:28,16,1,2,4,4
1373,15,4,2026-08-30 21:11:28,22,0,5,5,5
1374,15,4,2026-05-30 13:12:28,30,1,9,6,3
1375,16,7,2026-07-23 23:35:28,18,0,3,4,4
1376,16,6,2026-06-24 13:30:28,36,0,11,7,5
1377,16,10,2026-08-05 09:03:28,25,0,12,4,0
1378,16,4,2026-05-19 09:08:28,22,1,3,5,2
1379,16,6,2026-07-01 16:04:28,32,0,10,6,0
1380,16,4,2026-06-18 22:30:28,42,0,9,4,4
1381,16,6,2026-08-11 18:13:28,29,0,11,3,8
1382,16,8,2026-04-03 21:15:28,39,0,5,5,4
1383,16,6,2026-06-11 20:22:28,24,0,10,2,2
1384,16,6,2026-07-30 08:57:28,45,0,10,7,3
1385,16,6,2026-04-04 23:45:28,14,1,5,6,5
1386,16,7,2026-04-24 08:06:28,15,1,5,5,2
1387,16,8,2026-09-07 20:32:28,18,0,5,3,0
1388,16,6,2026-08-26 18:49:28,20,0,8,7,6
1389,16,2,2026-04-02 12:11:28,24,1,6,5,5
1390,16,6,2026-04-19 20:38:28,22,0,9,6,2
1391,16,6,2026-08-11 00:02:28,44,0,2,7,3
1392,16,6,2026-06-05 03:14:28,44,0,6,5,4
1393,16,1,2026-04-25 17:20:28,17,1,6,5,0
1394,16,6,2026-04-18 11:45:28,32,0,8,5,4
1395,16,3,2026-06-30 09:54:28,27,0,8,7,6
1396,16,4,2026-03-20 23:21:28,36,0,9,5,1
1397,16,6,2026-07-04 00:17:28,23,1,6,6,5
1398,16,5,2026-05-24 11:36:28,45,1,13,4,5
1399,16,3,2026-06-20 11:05:28,39,1,8,3,2
1400,16,5,2026-08-24 15:37:28,29,1,6,4,1
1401,16,5,2026-08-12 17:12:28,42,1,7,10,0
1402,16,6,2026-03-22 05:34:28,32,0,7,3,0
1403,16,1,2026-07-01 03:35:28,34,1,4,5,4
1404,16,6,2026-04-18 13:29:28,41,1,6,9,3
1405,16,7,2026-07-03 07:46:28,37,0,7,8,1
1406,16,4,2026-05-30 23:57:28,38,0,5,7,2
1407,16,7,2026-07-28 13:45:28,45,0,8,6,2
1408,16,3,2026-06-30 04:19:28,17,0,11,5,2
1409,16,8,2026-08-28 02:50:28,31,0,3,6,3
1410,16,6,2026-09-15 16:51:28,35,1,9,6,4
1411,16,6,2026-05-22 00:51:28,36,1,4,4,4
1412,16,2,2026-06-25 23:29:28,37,0,10,3,7
1413,16,7,2026-07-22 12:22:28,13,0,4,5,0
1414,16,6,2026-04-13 12:41:28,12,1,0,4,5
1415,16,2,2026-06-10 10:49:28,33,0,8,6,4
1416,16,6,2026-09-09 00:14:28,42,1,10,4,6
1417,16,7,2026-03-26 05:41:28,34,1,4,7,6
1418,16,7,2026-06-10 09:43:28,44,0,10,7,3
1419,16,6,2026-04-08 05:11:28,28,0,10,5,3
1420,16,8,2026-08-20 03:02:28,35,0,4,6,0
1421,16,9,2026-07-28 15:34:28,28,0,8,5,8
1422,16,8,2026-05-22 20:37:28,43,0,7,5,3
1423,16,6,2026-05-02 00:01:28,13,0,5,7,1
1424,16,6,2026-04-18 05:20:28,14,1,2,7,3
1425,16,6,2026-04-07 16:18:28,21,1,7,4,4
1426,16,6,2026-05-05 13:43:28,27,1,8,8,2
1427,16,6,2026-06-11 15:39:28,18,1,6,6,6
1428,16,2,2026-09-12 02:52:28,37,1,6,4,2
1429,16,5,2026-04-24 00:14:28,24,0,7,4,7
1430,16,10,2026-06-13 13:34:28,15,0,3,6,2
1431,16,6,2026-04-15 19:32:28,14,0,2,6,3
1432,16,5,2026-04-02 04:43:28,38,1,5,5,3
1433,16,6,2026-07-23 06:58:28,32,0,8,2,4
1434,16,10,2026-05-01 19:52:28,33,0,8,3,2
1435,16,6,2026-07-25 14:58:28,43,0,6,7,4
1436,16,7,2026-04-08 16:32:28,17,1,5,9,4
1437,16,6,2026-03-28 17:11:28,40,1,7,3,2
1438,16,6,2026-06-03 08:21:28,39,0,12,6,5
1439,16,5,2026-08-23 19:38:28,19,0,5,5,4
1440,16,6,2026-06-06 14:22:28,22,0,6,4,2
1441,16,6,2026-03-30 09:42:28,18,0,3,6,2
1442,16,6,2026-05-13 17:18:28,37,0,10,4,3
1443,16,6,2026-05-21 10:45:28,33,0,10,8,3
1444,16,6,2026-06-04 02:42:28,38,0,7,3,5
1445,16,10,2026-09-11 22:03:28,38,1,4,4,5
1446,16,3,2026-09-11 12:37:28,35,0,9,4,3
1447,16,7,2026-08-03 17:01:28,27,0,11,2,4
1448,16,4,2026-04-22 17:24:28,25,1,9,4,7
1449,16,6,2026-04-15 21:50:28,19,0,5,6,4
1450,16,3,2026-03-26 10:02:28,14,1,10,5,2
1451,16,6,2026-04-14 11:03:28,19,0,4,5,4
1452,16,1,2026-09-06 20:44:28,37,0,0,5,2
1453,16,6,2026-04-22 05:20:28,28,0,5,4,3
1454,16,6,2026-07-26 00:07:28,42,0,6,3,7
1455,16,6,2026-06-21 23:04:28,28,0,13,7,2
1456,16,6,2026-08-13 04:05:28,14,0,7,4,1
1457,16,6,2026-04-24 11:30:28,22,1,10,3,3
1458,16,6,2026-08-10 12:24:28,20,0,4,5,2
1459,16,6,2026-07-12 20:43:28,12,0,7,5,3
1460,16,9,2026-04-06 03:49:28,34,0,9,4,2
1461,16,9,2026-05-17 03:09:28,45,1,3,8,2
1462,16,6,2026-06-30 02:06:28,26,0,7,5,2
1463,16,6,2026-04-24 11:21:28,41,1,8,2,2
1464,16,9,2026-06-06 11:46:28,14,0,5,5,1
1465,16,6,2026-09-02 17:54:28,17,1,10,6,0
1466,16,4,2026-07-20 09:36:28,27,1,6,5,2
1467,16,3,2026-08-14 15:18:28,16,1,4,4,4
1468,16,6,2026-05-22 05:47:28,42,1,8,5,6
1469,16,6,2026-05-19 02:24:28,17,0,5,8,3
1470,16,6,2026-04-21 18:28:28,12,0,8,4,2
1471,16,2,2026-09-17 00:33:28,41,0,3,6,1
1472,16,10,2026-05-08 23:27:28,42,1,5,4,2
1473,16,5,2026-08-20 02:55:28,40,1,4,5,2
1474,16,6,2026-08-03 06:54:28,22,1,4,7,3
1475,16,5,2026-08-21 01:14:28,24,1,9,4,2
1476,16,6,2026-03-25 22:54:28,18,0,2,4,5
1477,16,4,2026-04-13 10:32:28,22,0,8,6,3
1478,17,8,2026-07-21 00:10:28,29,0,4,5,0
1479,17,6,2026-05-24 22:38:28,32,0,9,5,2
1480,17,6,2026-09-02 19:11:28,37,1,12,1,5
1481,17,6,2026-04-01 00:24:28,25,0,15,4,6
1482,17,6,2026-04-27 14:02:28,32,1,10,3,6
1483,17,4,2026-04-18 17:06:28,42,0,7,5,4
1484,17,1,2026-07-15 23:35:28,43,0,10,1,6
1485,17,10,2026-08-19 17:02:28,30,1,13,6,3
1486,17,6,2026-08-10 04:00:28,38,0,12,3,6
1487,17,10,2026-04-27 15:01:28,28,1,11,5,0
1488,17,1,2026-06-16 17:55:28,32,1,7,5,0
1489,17,4,2026-07-13 12:32:28,28,1,6,5,2
1490,17,1,2026-09-04 15:06:28,43,1,13,3,1
1491,17,6,2026-05-02 16:21:28,32,0,7,6,8
1492,17,6,2026-04-28 05:18:28,17,1,9,5,3
1493,17,6,2026-08-29 09:48:28,24,0,10,4,5
1494,17,6,2026-04-03 21:52:28,21,1,8,1,4
1495,17,6,2026-09-11 19:26:28,39,0,8,6,2
1496,17,1,2026-05-31 04:00:28,32,0,4,4,3
1497,17,6,2026-04-23 03:56:28,34,1,8,3,0
1498,17,6,2026-08-15 14:42:28,14,1,11,4,4
1499,17,6,2026-05-31 23:53:28,22,1,14,1,2
1500,17,6,2026-08-16 20:20:28,40,0,8,4,3
1501,17,6,2026-07-26 20:09:28,24,0,11,3,5
1502,17,2,2026-08-17 03:35:28,45,1,10,6,7
1503,17,2,2026-08-24 15:50:28,25,0,9,2,5
1504,17,6,2026-06-11 18:48:28,12,1,9,6,4
1505,17,6,2026-07-20 09:12:28,31,0,5,8,4
1506,17,6,2026-04-04 22:06:28,29,0,7,3,4
1507,17,6,2026-09-08 07:03:28,42,0,10,5,2
1508,17,4,2026-08-07 18:50:28,38,0,9,3,1
1509,17,6,2026-08-07 08:07:28,19,0,14,4,3
1510,17,6,2026-04-10 22:11:28,28,1,8,1,0
1511,17,6,2026-09-05 14:44:28,38,1,13,5,3
1512,17,6,2026-06-20 01:32:28,12,0,8,3,3
1513,17,6,2026-08-13 12:33:28,40,0,12,6,7
1514,17,1,2026-06-26 10:44:28,20,1,9,1,4
1515,17,6,2026-08-16 01:39:28,24,0,9,4,0
1516,17,6,2026-06-05 23:30:28,18,0,10,6,5
1517,17,2,2026-03-29 12:59:28,41,1,9,8,2
1518,17,6,2026-06-25 18:44:28,20,0,14,7,1
1519,17,6,2026-07-29 02:55:28,15,1,9,1,3
1520,17,6,2026-06-27 08:45:28,37,0,4,5,2
1521,17,8,2026-05-23 11:56:28,25,0,12,8,5
1522,17,6,2026-06-22 21:38:28,44,1,9,4,0
1523,17,3,2026-05-08 00:10:28,33,1,11,2,0
1524,17,6,2026-08-24 01:23:28,20,1,8,1,0
1525,17,2,2026-05-11 02:55:28,17,1,9,3,2
1526,17,6,2026-09-13 02:22:28,26,0,12,6,3
1527,17,6,2026-05-02 01:17:28,35,1,10,2,2
1528,17,9,2026-08-09 14:41:28,26,1,9,6,6
1529,17,10,2026-05-06 18:46:28,36,1,10,5,5
1530,17,8,2026-07-14 14:10:28,16,1,9,4,1
1531,17,4,2026-05-17 03:40:28,21,0,4,1,5
1532,17,4,2026-07-15 21:11:28,24,1,11,5,5
1533,17,6,2026-07-26 18:00:28,21,0,8,9,5
1534,17,6,2026-06-29 15:15:28,45,1,13,3,6
1535,17,6,2026-08-09 06:44:28,41,0,5,5,3
1536,17,6,2026-08-19 11:45:28,28,0,11,5,3
1537,17,6,2026-05-07 05:37:28,26,0,13,2,4
1538,17,6,2026-03-30 16:16:28,27,0,5,8,2
1539,17,7,2026-07-14 11:17:28,29,1,6,1,2
1540,17,6,2026-09-14 05:41:28,17,1,14,7,0
1541,17,8,2026-04-26 12:26:28,43,1,5,4,3
1542,17,7,2026-04-16 05:28:28,14,0,8,6,1
1543,18,10,2026-09-06 21:17:28,37,0,12,6,2
1544,18,8,2026-04-09 18:24:28,37,0,8,2,2
1545,18,1,2026-09-09 17:33:28,38,1,13,6,2
1546,18,5,2026-07-08 17:55:28,27,1,14,3,1
1547,18,6,2026-06-06 21:15:28,32,1,14,4,3
1548,18,3,2026-06-27 22:42:28,26,0,10,5,2
1549,18,10,2026-07-28 00:06:28,36,0,10,2,2
1550,18,8,2026-08-04 22:07:28,22,1,12,5,0
1551,18,10,2026-06-07 12:02:28,23,1,10,6,2
1552,18,4,2026-07-12 04:10:28,37,1,10,3,0
1553,18,9,2026-04-12 13:41:28,30,1,14,5,5
1554,18,6,2026-03-30 23:48:28,21,0,8,3,3
1555,18,10,2026-08-11 08:43:28,25,1,11,2,5
1556,18,10,2026-06-02 14:09:28,40,0,9,5,1
1557,18,10,2026-07-12 20:43:28,36,1,13,6,1
1558,18,5,2026-06-27 14:42:28,27,1,14,1,6
1559,18,10,2026-08-23 15:49:28,20,0,16,7,5
1560,18,9,2026-03-21 11:08:28,34,1,11,5,0
1561,18,4,2026-09-01 03:18:28,39,1,11,3,1
1562,18,10,2026-03-21 04:06:28,42,1,9,1,0
1563,18,10,2026-04-16 16:23:28,13,1,14,3,3
1564,18,10,2026-06-29 14:46:28,40,0,18,5,4
1565,18,5,2026-09-15 12:20:28,32,1,6,2,4
1566,18,10,2026-04-13 06:58:28,16,0,11,1,1
1567,18,10,2026-08-02 08:08:28,23,0,11,2,0
1568,18,8,2026-04-23 09:13:28,37,0,9,3,4
1569,18,7,2026-06-19 03:05:28,31,0,9,5,4
1570,18,5,2026-06-19 11:03:28,26,1,10,5,5
1571,18,6,2026-03-26 20:24:28,15,1,14,5,4
1572,18,10,2026-06-10 22:41:28,32,1,11,4,3
1573,18,10,2026-08-01 14:52:28,43,0,6,2,4
1574,18,10,2026-04-24 03:06:28,35,1,11,7,0
1575,18,3,2026-06-29 23:12:28,19,1,13,2,0
1576,18,10,2026-05-13 02:33:28,18,0,7,3,2
1577,18,10,2026-08-18 10:19:28,40,0,18,2,1
1578,18,6,2026-07-30 19:21:28,43,1,11,7,7
1579,18,10,2026-05-07 06:02:28,18,1,15,3,5
1580,18,6,2026-06-08 14:30:28,45,0,8,1,2
1581,18,5,2026-06-13 06:20:28,39,1,10,4,5
1582,18,10,2026-06-30 16:09:28,36,1,11,3,5
1583,18,5,2026-04-19 13:39:28,31,0,10,1,8
1584,18,10,2026-07-01 20:00:28,15,1,14,4,1
1585,18,10,2026-08-02 15:47:28,45,0,17,5,5
1586,18,10,2026-07-22 22:13:28,23,0,8,4,3
1587,18,10,2026-03-25 05:10:28,25,1,13,6,7
1588,18,1,2026-08-02 19:50:28,33,0,12,1,0
1589,18,6,2026-05-31 09:55:28,28,0,10,4,1
1590,18,5,2026-06-04 09:35:28,29,1,9,6,1
1591,18,10,2026-04-17 08:47:28,28,0,7,6,4
1592,18,7,2026-08-29 11:23:28,26,1,16,4,2
1593,19,2,2026-07-06 14:50:28,37,0,12,5,5
1594,19,2,2026-07-28 06:11:28,37,0,13,4,6
1595,19,8,2026-06-10 02:51:28,14,1,8,4,2
1596,19,2,2026-05-28 04:16:28,35,0,9,6,4
1597,19,2,2026-09-05 13:44:28,32,0,7,2,6
1598,19,2,2026-06-19 17:22:28,23,1,8,5,2
1599,19,2,2026-04-10 02:30:28,23,0,8,5,3
1600,19,2,2026-04-15 15:06:28,27,0,10,7,3
1601,19,2,2026-05-04 08:33:28,45,1,7,4,4
1602,19,3,2026-03-26 01:10:28,18,0,10,4,4
1603,19,2,2026-04-25 14:31:28,14,1,12,5,0
1604,19,2,2026-07-06 09:44:28,36,0,7,8,0
1605,19,8,2026-05-18 03:55:28,41,0,9,7,3
1606,19,2,2026-06-10 00:22:28,23,0,17,5,5
1607,19,6,2026-06-07 04:52:28,26,0,7,5,5
1608,19,6,2026-05-24 17:59:28,41,1,10,1,5
1609,19,8,2026-07-30 13:44:28,25,1,8,6,3
1610,19,2,2026-04-29 19:12:28,41,0,7,3,1
1611,19,2,2026-09-04 02:20:28,38,1,6,6,1
1612,19,2,2026-05-30 02:59:28,45,0,8,6,5
1613,19,1,2026-04-05 19:25:28,21,0,6,6,3
1614,19,4,2026-05-15 22:21:28,20,1,14,4,4
1615,19,10,2026-09-15 07:20:28,13,0,9,4,4
1616,19,2,2026-07-24 22:39:28,21,1,10,6,2
1617,19,6,2026-07-04 22:47:28,23,0,6,8,1
1618,19,2,2026-08-17 14:58:28,38,0,10,5,2
1619,19,7,2026-08-18 10:29:28,27,1,6,4,6
1620,19,8,2026-06-11 16:52:28,42,1,9,8,4
1621,19,2,2026-05-26 08:28:28,23,1,7,1,5
1622,19,10,2026-08-31 03:06:28,35,1,7,4,4
1623,19,2,2026-04-07 22:12:28,24,1,8,5,7
1624,19,2,2026-09-12 11:55:28,43,0,9,5,1
1625,19,7,2026-05-14 22:16:28,13,0,8,6,0
1626,19,1,2026-06-23 07:46:28,39,0,8,4,2
1627,19,2,2026-04-24 08:29:28,12,0,7,2,3
1628,19,2,2026-03-22 20:20:28,29,1,10,3,3
1629,19,2,2026-07-12 14:17:28,34,0,12,2,1
1630,19,2,2026-03-30 22:16:28,17,1,11,6,4
1631,19,2,2026-08-08 13:37:28,16,1,13,7,3
1632,19,2,2026-04-12 06:44:28,33,0,11,5,3
1633,19,2,2026-04-14 04:59:28,18,0,11,3,5
1634,19,2,2026-08-25 06:01:28,23,1,5,8,1
1635,19,2,2026-07-29 16:54:28,45,0,9,5,5
1636,19,8,2026-05-27 02:50:28,15,0,10,5,5
1637,19,2,2026-03-22 04:55:28,24,1,11,4,5
1638,19,2,2026-08-06 19:40:28,26,1,6,6,0
1639,19,10,2026-07-17 15:02:28,34,1,5,6,3
1640,19,2,2026-09-01 07:02:28,22,0,11,4,2
1641,19,2,2026-09-13 10:07:28,40,1,9,2,3
1642,19,2,2026-04-25 00:11:28,16,0,8,6,2
1643,19,6,2026-05-01 02:39:28,32,1,9,2,0
1644,19,2,2026-06-25 19:23:28,41,1,9,4,1
1645,19,2,2026-08-12 22:20:28,13,0,7,5,3
1646,19,2,2026-04-01 03:15:28,39,0,6,6,5
1647,20,4,2026-08-07 22:47:28,37,1,7,5,3
1648,20,9,2026-05-29 18:17:28,43,1,9,6,6
1649,20,3,2026-04-14 23:16:28,42,0,7,3,7
1650,20,10,2026-09-13 22:38:28,43,0,13,3,3
1651,20,6,2026-06-21 20:24:28,30,0,8,3,4
1652,20,3,2026-06-14 18:54:28,40,1,10,5,3
1653,20,10,2026-07-07 14:12:28,42,0,6,1,5
1654,20,10,2026-04-08 13:36:28,32,0,6,3,0
1655,20,4,2026-06-28 15:42:28,13,0,5,2,3
1656,20,7,2026-05-21 12:34:28,43,0,13,4,2
1657,20,5,2026-09-01 16:58:28,35,1,7,5,3
1658,20,10,2026-04-27 04:09:28,42,0,4,3,6
1659,20,6,2026-04-17 12:29:28,24,1,6,8,4
1660,20,10,2026-07-07 00:40:28,44,0,14,4,2
1661,20,7,2026-04-03 11:10:28,13,0,10,3,3
1662,20,2,2026-04-09 20:06:28,40,1,11,6,0
1663,20,10,2026-07-07 03:35:28,41,1,6,9,2
1664,20,6,2026-06-15 04:18:28,42,0,9,7,6
1665,20,10,2026-04-14 07:58:28,32,0,5,4,2
1666,20,6,2026-08-14 16:11:28,15,0,6,1,1
1667,20,10,2026-06-17 21:36:28,35,1,11,7,4
1668,20,10,2026-05-05 18:56:28,15,1,8,6,4
1669,20,7,2026-07-21 00:58:28,28,0,8,4,3
1670,20,10,2026-05-18 07:42:28,26,0,10,7,3
1671,20,10,2026-04-07 10:16:28,36,0,16,3,4
1672,20,10,2026-04-30 06:49:28,38,0,11,4,3
1673,20,10,2026-05-10 03:32:28,35,0,10,7,6
1674,20,10,2026-07-10 14:09:28,30,1,9,7,3
1675,20,10,2026-06-09 05:04:28,28,1,11,2,3
1676,20,8,2026-06-06 02:09:28,44,1,11,2,1
1677,20,10,2026-03-24 10:08:28,31,1,10,1,4
1678,20,10,2026-04-25 00:32:28,26,0,7,4,5
1679,20,10,2026-06-25 17:31:28,36,1,14,5,4
1680,20,10,2026-03-31 00:40:28,30,0,7,7,2
1681,20,10,2026-09-16 22:47:28,29,1,10,5,3
1682,20,10,2026-07-23 11:06:28,35,0,9,5,3
1683,20,10,2026-08-17 22:50:28,14,1,10,4,3
1684,20,10,2026-08-17 11:25:28,25,1,9,10,1
1685,20,1,2026-04-21 09:25:28,41,0,10,4,5
1686,20,5,2026-07-24 06:55:28,21,1,12,4,3
1687,20,10,2026-04-23 07:38:28,12,1,12,5,2
1688,20,5,2026-09-10 10:14:28,29,0,9,4,2
1689,20,10,2026-04-26 09:09:28,39,0,9,7,6
1690,20,10,2026-08-25 12:44:28,35,1,9,5,2
1691,20,10,2026-06-26 11:19:28,21,0,6,4,6
1692,20,10,2026-07-05 04:06:28,34,1,6,3,4
1693,20,8,2026-06-23 20:54:28,20,0,2,7,4
1694,20,8,2026-06-21 15:51:28,14,0,10,5,2
1695,20,3,2026-07-26 09:29:28,20,0,3,4,5
1696,20,10,2026-05-07 05:36:28,14,0,13,9,0
1697,20,5,2026-05-15 05:09:28,33,0,8,4,3
1698,20,10,2026-04-01 19:44:28,45,0,13,1,6
1699,20,10,2026-08-08 09:27:28,41,1,5,6,5
1700,20,4,2026-05-14 04:13:28,18,0,11,9,0
1701,20,5,2026-09-11 08:35:28,24,1,4,7,2
1702,20,10,2026-08-31 00:29:28,16,1,8,6,6
1703,20,10,2026-06-09 20:21:28,33,1,13,4,6
1704,20,10,2026-03-27 16:22:28,14,1,9,3,2
1705,20,8,2026-05-31 09:38:28,18,1,13,5,4
1706,20,6,2026-09-07 16:30:28,36,0,7,2,0
1707,20,2,2026-05-23 20:11:28,18,1,8,4,2
1708,20,4,2026-07-23 12:12:28,40,0,4,3,3
1709,20,10,2026-08-30 16:00:28,40,1,13,7,4
1710,21,8,2026-07-14 13:09:28,15,0,3,5,1
1711,21,8,2026-05-31 05:24:28,33,1,12,6,3
1712,21,2,2026-06-13 07:39:28,23,1,9,4,3
1713,21,8,2026-08-23 03:32:28,19,1,13,2,0
1714,21,8,2026-05-12 20:38:28,40,0,10,7,2
1715,21,7,2026-09-08 23:37:28,42,1,6,4,2
1716,21,8,2026-05-18 19:27:28,34,0,9,5,3
1717,21,8,2026-03-31 02:26:28,23,1,12,4,4
1718,21,8,2026-04-02 02:49:28,16,0,10,3,4
1719,21,2,2026-06-14 07:06:28,12,1,10,5,5
1720,21,8,2026-09-14 22:47:28,45,1,14,3,3
1721,21,3,2026-05-18 01:50:28,42,1,10,6,4
1722,21,8,2026-08-10 10:22:28,16,1,14,3,1
1723,21,8,2026-07-15 11:45:28,22,1,11,4,0
1724,21,6,2026-09-06 22:12:28,39,0,9,5,1
1725,21,1,2026-08-15 16:47:28,26,1,10,2,0
1726,21,9,2026-07-17 12:42:28,22,0,12,2,0
1727,21,8,2026-04-06 07:47:28,21,1,14,5,1
1728,21,8,2026-07-01 14:52:28,33,1,12,1,4
1729,21,5,2026-05-19 21:38:28,20,0,7,5,3
1730,21,8,2026-07-14 11:40:28,16,1,4,3,5
1731,21,8,2026-04-26 02:37:28,27,1,9,7,1
1732,21,8,2026-07-08 00:08:28,38,1,16,5,1
1733,21,4,2026-05-01 14:16:28,35,0,11,3,3
1734,21,8,2026-04-07 00:43:28,30,0,8,3,2
1735,21,8,2026-06-08 16:37:28,27,0,11,3,2
1736,21,10,2026-07-15 04:54:28,16,1,7,3,4
1737,21,9,2026-04-29 13:13:28,41,0,12,4,7
1738,21,9,2026-04-09 16:26:28,39,0,7,4,4
1739,21,8,2026-09-07 06:45:28,15,1,9,5,5
1740,21,8,2026-07-27 07:47:28,39,1,14,4,6
1741,21,10,2026-07-20 01:37:28,27,1,16,8,3
1742,21,10,2026-08-10 08:21:28,27,0,8,6,2
1743,21,6,2026-08-07 06:02:28,13,0,14,9,1
1744,21,10,2026-07-15 19:16:28,18,0,13,4,5
1745,21,8,2026-03-29 22:37:28,27,1,11,5,3
1746,21,8,2026-08-23 06:21:28,26,0,11,5,1
1747,21,8,2026-05-01 23:52:28,13,1,14,8,5
1748,21,8,2026-06-27 08:26:28,33,0,6,1,5
1749,21,8,2026-08-04 19:21:28,36,0,12,2,1
1750,21,8,2026-07-19 20:11:28,30,1,13,3,4
1751,21,8,2026-06-09 13:38:28,13,0,9,2,3
1752,21,8,2026-08-25 18:13:28,39,1,9,1,3
1753,21,8,2026-04-16 15:01:28,45,1,3,9,2
1754,21,1,2026-08-08 05:59:28,17,0,10,2,6
1755,21,9,2026-07-08 02:48:28,39,1,16,6,1
1756,21,8,2026-04-12 07:22:28,17,1,11,3,3
1757,21,3,2026-04-16 06:31:28,24,1,7,5,3
1758,21,8,2026-05-21 14:15:28,19,1,11,5,2
1759,21,3,2026-05-09 08:26:28,29,1,12,4,7
1760,21,8,2026-08-09 04:38:28,42,0,10,3,4
1761,21,8,2026-07-16 03:37:28,19,0,7,7,1
1762,21,1,2026-05-04 16:25:28,41,1,11,4,3
1763,21,7,2026-06-18 12:28:28,45,1,9,1,0
1764,21,7,2026-05-13 04:50:28,44,0,11,2,3
1765,21,4,2026-06-12 22:55:28,36,1,16,4,6
1766,21,8,2026-04-07 04:07:28,39,1,14,4,3
1767,21,8,2026-09-13 01:23:28,21,0,10,3,4
1768,21,5,2026-05-22 04:41:28,25,1,7,2,3
1769,21,8,2026-06-19 17:16:28,15,1,16,3,4
1770,21,7,2026-09-06 16:47:28,42,1,9,3,7
1771,21,8,2026-09-02 08:18:28,29,1,9,6,4
1772,21,8,2026-04-13 17:26:28,33,0,10,3,5
1773,21,8,2026-05-29 15:36:28,43,1,6,7,0
1774,21,8,2026-08-08 20:15:28,16,0,7,4,0
1775,21,8,2026-08-24 12:05:28,24,0,10,1,5
1776,21,8,2026-07-29 18:52:28,20,1,14,6,3
1777,21,7,2026-09-17 06:53:28,25,0,12,3,0
1778,21,8,2026-05-21 03:29:28,26,1,6,4,0
1779,21,8,2026-05-20 00:20:28,35,1,7,1,1
1780,21,9,2026-05-06 03:50:28,32,0,14,5,1
1781,22,4,2026-06-06 07:23:28,43,1,10,6,2
1782,22,5,2026-07-23 00:39:28,26,0,9,5,7
1783,22,5,2026-04-24 21:50:28,38,1,9,7,1
1784,22,5,2026-06-29 07:12:28,16,1,10,2,0
1785,22,5,2026-07-01 01:06:28,19,0,8,7,8
1786,22,5,2026-06-05 18:28:28,25,0,7,7,2
1787,22,5,2026-08-23 06:20:28,17,1,7,4,1
1788,22,5,2026-03-22 11:01:28,17,0,4,7,5
1789,22,5,2026-03-30 13:37:28,34,1,5,5,2
1790,22,5,2026-09-06 12:10:28,17,1,12,5,4
1791,22,5,2026-04-18 23:12:28,29,0,8,1,4
1792,22,9,2026-04-15 00:16:28,41,1,3,5,2
1793,22,5,2026-06-22 10:27:28,37,0,3,5,3
1794,22,5,2026-07-03 10:50:28,31,0,9,1,4
1795,22,7,2026-07-17 17:24:28,25,0,11,4,5
1796,22,5,2026-08-11 05:28:28,19,1,2,8,4
1797,22,3,2026-05-28 19:09:28,42,1,11,7,2
1798,22,5,2026-07-25 16:59:28,31,0,2,8,2
1799,22,6,2026-06-10 02:46:28,28,1,6,6,7
1800,22,8,2026-05-25 04:36:28,32,0,7,3,5
1801,22,7,2026-07-14 18:57:28,22,0,11,5,4
1802,22,5,2026-07-17 15:38:28,20,0,5,5,4
1803,22,5,2026-04-12 20:25:28,33,0,6,3,3
1804,22,5,2026-07-25 04:06:28,24,1,2,6,0
1805,22,5,2026-05-29 07:48:28,24,0,6,3,0
1806,22,5,2026-09-05 23:26:28,41,0,5,3,2
1807,22,5,2026-04-14 13:37:28,41,0,2,3,0
1808,22,5,2026-04-04 07:49:28,31,1,7,4,2
1809,22,10,2026-07-17 19:35:28,40,1,6,8,8
1810,22,5,2026-09-12 16:01:28,38,1,8,9,5
1811,22,5,2026-08-19 01:08:28,30,0,4,3,1
1812,22,7,2026-09-13 09:45:28,24,0,4,4,5
1813,22,5,2026-08-04 10:42:28,28,0,6,8,7
1814,22,5,2026-06-17 05:49:28,22,1,10,6,5
1815,22,5,2026-09-17 00:58:28,19,1,2,5,8
1816,22,5,2026-08-18 17:44:28,23,0,10,5,1
1817,22,5,2026-08-26 20:59:28,29,0,8,3,1
1818,22,6,2026-09-12 11:58:28,28,1,6,6,1
1819,22,2,2026-05-17 11:35:28,24,0,8,7,0
1820,22,5,2026-05-08 19:24:28,18,0,5,3,5
1821,22,5,2026-04-01 16:16:28,26,1,3,3,3
1822,22,8,2026-09-07 17:41:28,14,0,5,5,2
1823,22,5,2026-06-28 17:19:28,12,0,11,6,2
1824,22,5,2026-04-19 04:30:28,19,0,8,3,2
1825,22,5,2026-07-16 22:29:28,32,0,1,4,6
1826,22,5,2026-03-31 04:28:28,31,0,10,6,3
1827,22,7,2026-08-28 16:08:28,35,0,5,9,8
1828,22,5,2026-08-01 05:58:28,32,1,5,11,4
1829,22,9,2026-06-28 04:55:28,33,0,8,4,4
1830,22,5,2026-06-29 14:22:28,29,1,7,6,2
1831,22,2,2026-08-22 19:22:28,31,0,2,5,2
1832,22,1,2026-07-11 07:22:28,33,1,4,6,2
1833,22,5,2026-06-05 14:39:28,35,1,6,5,3
1834,22,5,2026-08-27 21:44:28,27,1,6,9,1
1835,22,5,2026-08-16 03:22:28,25,0,1,4,3
1836,22,9,2026-04-23 02:44:28,29,1,6,3,5
1837,22,5,2026-06-21 04:30:28,30,1,2,7,0
1838,22,5,2026-04-13 04:53:28,27,0,10,7,2
1839,22,5,2026-03-25 04:46:28,28,0,0,5,2
1840,22,10,2026-07-20 00:37:28,14,1,7,5,2
1841,22,2,2026-08-19 09:23:28,25,0,8,6,6
1842,22,5,2026-06-14 22:03:28,19,1,5,6,4
1843,22,7,2026-06-09 21:05:28,25,0,5,3,4
1844,22,5,2026-07-08 18:13:28,43,0,10,7,3
1845,22,5,2026-05-05 23:16:28,41,1,5,6,4
1846,22,5,2026-05-31 08:40:28,23,1,5,5,5
1847,22,5,2026-03-24 23:44:28,24,0,9,6,3
1848,22,7,2026-09-13 01:08:28,20,1,8,3,3
1849,22,7,2026-05-07 00:27:28,35,1,9,5,4
1850,22,5,2026-09-12 07:00:28,37,0,6,4,3
1851,22,2,2026-08-01 11:43:28,45,1,5,9,3
1852,22,5,2026-04-24 21:30:28,38,0,2,6,3
1853,22,5,2026-04-20 02:20:28,29,1,8,6,3
1854,22,10,2026-07-16 22:03:28,24,0,4,4,5
1855,22,5,2026-03-25 06:32:28,13,0,4,6,2
1856,22,5,2026-05-20 19:04:28,25,0,8,6,7
1857,22,5,2026-07-25 01:41:28,26,0,13,9,0
1858,22,5,2026-07-07 11:12:28,19,1,5,8,3
1859,22,8,2026-04-16 14:49:28,28,0,12,8,2
1860,22,4,2026-05-15 01:45:28,12,1,5,4,1
1861,22,6,2026-06-17 17:42:28,34,1,4,5,3
1862,22,3,2026-03-30 23:45:28,13,1,6,8,5
1863,22,5,2026-08-14 23:04:28,24,0,6,6,5
1864,22,5,2026-07-26 20:38:28,19,0,11,6,4
1865,22,5,2026-09-16 03:18:28,36,0,2,7,4
1866,22,5,2026-08-27 03:46:28,18,0,5,4,0
1867,22,5,2026-04-27 10:02:28,45,1,8,6,4
1868,22,5,2026-05-25 03:46:28,33,0,4,1,0
1869,22,10,2026-07-07 22:22:28,40,0,0,3,1
1870,22,5,2026-07-28 19:17:28,13,1,8,5,0
1871,22,5,2026-09-04 01:18:28,20,0,5,6,0
1872,22,9,2026-09-03 15:28:28,20,0,3,7,4
1873,22,5,2026-07-17 14:45:28,16,0,7,4,7
1874,22,6,2026-08-03 07:38:28,20,0,8,7,4
1875,22,5,2026-08-10 11:49:28,45,0,8,9,4
1876,22,5,2026-05-23 03:31:28,32,0,10,5,2
1877,22,6,2026-08-26 22:08:28,13,1,7,2,3
1878,22,5,2026-05-17 05:47:28,24,0,2,5,2
1879,22,5,2026-08-09 21:05:28,13,0,5,5,0
1880,22,5,2026-07-05 00:14:28,30,0,0,6,1
1881,22,5,2026-08-29 04:00:28,45,0,9,8,1
1882,22,5,2026-06-11 17:08:28,32,0,5,2,3
1883,22,5,2026-06-12 21:21:28,27,0,10,6,5
1884,22,2,2026-06-12 13:55:28,37,0,6,3,3
1885,22,5,2026-06-15 22:33:28,15,0,7,3,5
1886,22,10,2026-09-03 19:16:28,42,0,6,8,4
1887,22,5,2026-04-10 11:25:28,13,0,8,3,0
1888,22,9,2026-08-16 19:46:28,15,1,3,7,4
1889,22,5,2026-04-06 03:05:28,28,0,11,3,3
1890,22,5,2026-06-13 02:44:28,24,0,4,6,2
1891,22,5,2026-08-04 15:20:28,30,1,6,7,6
1892,22,5,2026-08-14 20:34:28,38,0,8,6,4
1893,22,9,2026-06-09 23:11:28,14,0,12,8,3
1894,22,7,2026-09-07 02:46:28,30,1,9,7,2
1895,22,5,2026-03-30 06:15:28,13,1,5,4,2
1896,22,5,2026-04-22 15:02:28,44,1,4,6,0
1897,22,5,2026-05-08 03:03:28,44,0,7,2,1
1898,22,5,2026-03-28 09:39:28,15,0,9,8,3
1899,22,5,2026-07-25 21:01:28,25,1,0,1,3
1900,22,5,2026-06-08 01:34:28,19,0,8,2,1
1901,22,2,2026-05-01 07:30:28,19,1,5,3,0
1902,22,4,2026-07-24 04:33:28,43,1,7,8,5
1903,22,5,2026-04-13 15:54:28,17,1,7,9,5
1904,22,5,2026-06-04 14:17:28,44,0,2,6,3
1905,22,9,2026-04-20 05:30:28,13,0,8,5,6
1906,22,5,2026-09-14 00:48:28,45,0,0,2,2
1907,22,6,2026-06-03 09:02:28,19,0,5,4,2
1908,22,4,2026-08-28 22:31:28,15,0,14,4,2
1909,22,2,2026-06-07 15:03:28,26,0,4,3,4
1910,22,5,2026-07-30 03:19:28,38,0,8,2,1
1911,22,3,2026-06-22 18:52:28,33,0,3,4,5
1912,22,5,2026-08-14 15:24:28,30,1,8,9,4
1913,22,5,2026-05-13 19:39:28,27,0,9,6,7
1914,22,5,2026-08-19 04:45:28,18,0,7,5,1
1915,22,5,2026-06-16 19:49:28,25,0,13,4,3
1916,22,5,2026-08-08 09:46:28,36,0,5,7,0
1917,22,5,2026-06-18 07:22:28,33,1,6,4,4
1918,22,9,2026-05-31 13:59:28,43,0,8,4,3
1919,22,3,2026-07-17 22:46:28,19,0,12,5,2
1920,22,1,2026-07-03 01:02:28,33,0,14,9,3
1921,22,5,2026-04-04 20:22:28,26,0,0,4,3
1922,22,2,2026-04-15 07:31:28,13,1,7,4,1
1923,22,5,2026-05-25 00:26:28,13,0,5,5,2
1924,22,3,2026-04-10 13:36:28,38,0,10,3,1
1925,22,5,2026-08-25 15:19:28,41,0,3,3,3
1926,22,5,2026-08-10 21:52:28,27,0,2,4,4
1927,22,5,2026-08-04 02:39:28,24,1,4,5,0
1928,22,5,2026-05-29 19:21:28,21,0,1,6,2
1929,22,1,2026-05-22 18:53:28,19,0,3,1,1
1930,22,1,2026-05-06 12:26:28,26,0,7,6,4
1931,22,5,2026-04-01 13:59:28,20,0,4,4,3
1932,22,5,2026-08-11 09:25:28,19,0,13,9,0
1933,22,7,2026-04-30 10:03:28,34,0,1,4,5
1934,22,5,2026-06-20 19:15:28,36,0,9,7,4
1935,22,4,2026-07-30 15:06:28,21,1,3,6,2
1936,22,5,2026-07-10 19:32:28,24,0,2,6,3
1937,22,5,2026-09-10 03:32:28,14,1,7,4,0
1938,22,5,2026-04-16 19:48:28,39,1,6,9,3
1939,23,2,2026-09-11 07:30:28,33,0,9,2,6
1940,23,7,2026-04-08 12:26:28,30,0,10,3,2
1941,23,2,2026-04-20 18:01:28,24,0,11,5,4
1942,23,3,2026-09-12 16:14:28,29,1,12,3,5
1943,23,2,2026-06-03 10:13:28,37,0,8,5,7
1944,23,2,2026-04-09 16:57:28,43,1,6,8,3
1945,23,1,2026-06-07 15:15:28,13,0,2,3,6
1946,23,5,2026-08-26 04:37:28,26,1,10,5,4
1947,23,6,2026-05-01 06:26:28,41,1,10,4,5
1948,23,2,2026-08-27 12:34:28,18,1,7,9,3
1949,23,2,2026-08-14 17:11:28,32,1,9,7,6
1950,23,2,2026-05-26 06:36:28,25,0,1,4,4
1951,23,9,2026-09-05 04:20:28,32,1,8,5,7
1952,23,5,2026-07-07 07:20:28,29,0,7,6,3
1953,23,2,2026-05-21 16:05:28,21,1,8,6,2
1954,23,3,2026-05-14 13:02:28,17,0,9,8,5
1955,23,2,2026-05-14 09:42:28,33,1,7,4,5
1956,23,4,2026-08-18 15:33:28,27,0,7,6,2
1957,23,2,2026-05-13 09:09:28,13,0,8,5,3
1958,23,7,2026-03-22 07:03:28,42,1,13,6,3
1959,23,2,2026-06-16 09:04:28,12,0,9,7,3
1960,23,2,2026-04-08 21:13:28,26,1,7,4,2
1961,23,2,2026-05-01 17:52:28,33,1,13,5,3
1962,23,5,2026-08-29 13:40:28,23,1,8,5,4
1963,23,2,2026-07-18 18:28:28,29,0,13,4,5
1964,23,9,2026-08-16 07:51:28,22,1,7,4,3
1965,23,1,2026-05-10 23:11:28,28,0,8,3,4
1966,23,5,2026-04-28 11:39:28,44,0,6,3,6
1967,23,2,2026-03-23 10:47:28,14,1,6,7,0
1968,23,2,2026-05-25 19:49:28,37,1,8,7,7
1969,23,2,2026-08-28 12:11:28,36,0,10,4,5
1970,23,2,2026-06-10 14:39:28,43,0,7,7,3
1971,23,2,2026-06-27 15:31:28,20,0,11,3,3
1972,23,8,2026-03-26 15:15:28,32,0,7,7,4
1973,23,2,2026-03-31 20:50:28,13,0,6,1,1
1974,23,7,2026-09-09 10:10:28,14,1,12,2,1
1975,23,2,2026-08-01 15:16:28,28,1,3,4,2
1976,23,2,2026-07-31 11:21:28,30,0,11,5,5
1977,23,2,2026-07-29 14:30:28,26,0,6,2,5
1978,23,10,2026-03-25 09:55:28,17,0,4,4,4
1979,23,3,2026-06-10 03:25:28,33,0,4,10,0
1980,23,3,2026-06-21 15:04:28,26,1,9,1,1
1981,23,6,2026-06-16 08:16:28,35,1,13,1,5
1982,23,8,2026-09-12 12:19:28,32,0,11,9,2
1983,23,2,2026-03-28 15:39:28,19,0,6,1,3
1984,23,2,2026-08-06 07:32:28,42,0,10,6,4
1985,23,2,2026-07-25 19:41:28,35,0,7,6,3
1986,23,2,2026-07-28 05:29:28,32,1,7,3,4
1987,23,2,2026-08-24 01:01:28,45,1,7,4,0
1988,23,8,2026-08-09 09:21:28,29,0,11,10,4
1989,23,2,2026-04-12 15:05:28,36,1,9,4,3
1990,23,2,2026-05-18 08:55:28,20,0,7,2,3
1991,23,2,2026-08-12 21:51:28,22,1,10,3,4
1992,23,7,2026-06-02 17:47:28,44,1,6,9,2
1993,23,2,2026-05-01 11:34:28,29,1,9,4,2
1994,23,2,2026-04-12 23:19:28,32,0,5,8,2
1995,23,2,2026-06-24 08:16:28,39,1,15,4,7
1996,23,2,2026-06-13 11:19:28,31,0,7,5,3
1997,23,2,2026-06-25 22:19:28,19,0,9,10,6
1998,23,2,2026-04-07 11:32:28,25,1,13,4,3
1999,23,2,2026-06-10 13:07:28,36,0,7,3,2
2000,23,8,2026-05-31 17:49:28,26,1,12,8,2
2001,23,8,2026-03-21 03:25:28,44,0,8,7,3
2002,23,5,2026-05-01 05:32:28,23,1,7,7,2
2003,23,4,2026-04-11 05:59:28,31,0,11,7,5
2004,23,2,2026-07-11 16:26:28,38,0,5,7,1
2005,23,2,2026-03-21 06:10:28,45,0,8,5,4
2006,23,3,2026-07-12 20:45:28,32,0,11,7,2
2007,23,5,2026-05-09 10:17:28,17,0,4,7,5
2008,23,7,2026-09-03 14:23:28,37,0,7,2,2
2009,23,8,2026-07-23 13:52:28,40,0,7,4,2
2010,23,3,2026-08-08 13:28:28,23,0,9,6,2
2011,23,10,2026-04-01 13:10:28,32,1,7,5,5
2012,23,2,2026-06-25 10:51:28,22,1,10,4,3
2013,23,2,2026-07-10 18:53:28,31,0,10,1,1
2014,23,2,2026-07-23 03:38:28,43,0,8,1,4
2015,23,5,2026-04-14 05:10:28,43,1,11,5,5
2016,23,2,2026-09-17 02:46:28,40,1,5,6,0
2017,23,8,2026-05-13 05:18:28,45,1,10,5,5
2018,23,2,2026-07-17 04:41:28,45,0,6,5,2
2019,23,2,2026-04-30 02:43:28,15,0,8,4,4
2020,23,2,2026-05-07 15:57:28,41,0,5,4,6
2021,23,2,2026-03-30 15:35:28,35,0,7,6,3
2022,23,2,2026-07-28 08:33:28,14,1,4,1,2
2023,23,2,2026-08-19 17:26:28,32,1,12,3,5
2024,23,2,2026-09-12 04:03:28,17,0,3,5,4
2025,23,3,2026-07-28 16:50:28,31,0,8,2,3
2026,23,2,2026-09-15 13:28:28,24,0,9,4,3
2027,23,2,2026-06-08 07:29:28,21,0,9,7,7
2028,23,3,2026-06-04 17:13:28,41,1,13,7,6
2029,23,3,2026-08-22 04:43:28,37,1,4,3,4
2030,23,1,2026-03-31 15:05:28,33,1,9,4,1
2031,23,4,2026-06-11 21:38:28,39,1,5,2,6
2032,23,2,2026-05-07 05:36:28,31,1,9,6,6
2033,23,2,2026-04-09 15:14:28,37,0,9,5,6
2034,23,2,2026-08-09 12:47:28,20,1,9,8,3
2035,23,2,2026-06-12 06:53:28,34,1,11,2,2
2036,23,1,2026-08-15 09:26:28,34,0,6,5,6
2037,23,1,2026-04-29 22:00:28,34,0,9,7,4
2038,23,2,2026-07-13 06:35:28,13,1,10,5,2
2039,23,3,2026-05-18 01:16:28,22,1,15,4,1
2040,23,5,2026-05-29 18:36:28,17,1,10,4,3
2041,23,1,2026-06-21 22:14:28,18,1,12,8,0
2042,23,2,2026-07-22 09:12:28,12,0,7,6,0
2043,23,5,2026-04-25 11:18:28,43,1,9,5,0
2044,23,2,2026-05-26 13:00:28,35,1,13,5,0
2045,23,6,2026-08-13 00:34:28,18,1,7,5,3
2046,23,2,2026-05-09 04:57:28,19,1,12,5,3
2047,23,2,2026-07-09 06:04:28,37,1,13,3,2
2048,23,2,2026-03-29 20:38:28,18,1,8,5,3
2049,23,2,2026-08-27 02:28:28,41,1,13,5,6
2050,23,2,2026-06-24 06:25:28,26,1,8,5,3
2051,23,5,2026-08-19 02:26:28,23,1,6,4,2
2052,23,2,2026-03-27 21:01:28,45,0,14,6,5
2053,23,2,2026-07-28 10:14:28,33,0,5,3,4
2054,23,4,2026-07-13 18:13:28,40,0,12,7,6
2055,23,7,2026-09-13 08:03:28,42,0,12,6,0
2056,23,2,2026-04-09 13:02:28,33,1,8,4,3
2057,23,2,2026-09-08 08:28:28,28,1,11,6,1
2058,23,5,2026-04-25 09:15:28,16,0,9,1,2
2059,23,5,2026-09-07 00:25:28,23,0,7,7,3
2060,23,9,2026-06-07 12:27:28,43,1,6,2,1
2061,23,2,2026-06-02 20:06:28,19,0,9,5,1
2062,23,5,2026-07-23 16:35:28,21,1,9,9,0
2063,24,1,2026-03-24 15:33:28,25,0,10,8,3
2064,24,10,2026-09-14 06:51:28,40,1,7,3,3
2065,24,5,2026-09-03 15:33:28,41,1,2,7,3
2066,24,1,2026-09-03 03:44:28,38,0,9,5,2
2067,24,1,2026-07-18 20:32:28,17,0,9,3,6
2068,24,10,2026-08-11 05:19:28,40,0,5,1,1
2069,24,1,2026-03-31 15:48:28,30,1,16,5,0
2070,24,1,2026-07-12 22:46:28,37,0,10,6,4
2071,24,1,2026-04-23 18:07:28,26,1,15,8,5
2072,24,6,2026-07-12 14:42:28,13,1,8,5,3
2073,24,1,2026-04-26 06:14:28,36,1,9,4,5
2074,24,1,2026-05-09 16:05:28,22,1,5,4,0
2075,24,10,2026-06-08 13:24:28,41,1,12,7,1
2076,24,8,2026-07-21 05:07:28,34,0,9,5,3
2077,24,1,2026-08-02 16:30:28,27,0,11,2,3
2078,24,1,2026-06-12 21:03:28,33,0,11,3,1
2079,24,1,2026-07-04 11:18:28,23,0,5,2,1
2080,24,1,2026-06-10 14:29:28,36,0,6,2,4
2081,24,1,2026-05-27 08:45:28,16,1,9,4,1
2082,24,1,2026-04-22 00:51:28,34,1,11,3,4
2083,24,7,2026-07-10 14:54:28,26,1,10,4,8
2084,24,1,2026-08-13 00:19:28,39,0,8,4,4
2085,24,1,2026-04-11 06:59:28,13,1,14,4,2
2086,24,1,2026-06-17 10:34:28,27,1,9,5,3
2087,24,10,2026-07-24 16:55:28,26,0,13,7,4
2088,24,1,2026-06-26 14:09:28,28,1,13,5,3
2089,24,1,2026-07-01 16:14:28,29,1,11,1,5
2090,24,1,2026-07-29 09:21:28,14,1,8,6,4
2091,24,1,2026-08-31 15:32:28,42,1,7,3,6
2092,24,1,2026-04-30 14:40:28,14,1,12,1,2
2093,24,1,2026-06-03 15:30:28,29,0,6,5,4
2094,24,2,2026-04-09 20:17:28,37,0,11,6,1
2095,24,9,2026-03-22 12:02:28,37,1,8,2,6
2096,24,1,2026-06-25 21:32:28,17,1,8,2,3
2097,24,6,2026-09-02 09:41:28,23,0,11,5,5
2098,24,6,2026-06-20 05:16:28,14,1,13,8,1
2099,24,1,2026-07-25 18:46:28,37,1,10,4,4
2100,24,1,2026-04-22 00:16:28,44,1,7,4,2
2101,24,1,2026-08-13 22:57:28,31,0,10,4,6
2102,24,1,2026-06-12 09:51:28,36,0,11,5,5
2103,24,9,2026-09-13 22:32:28,22,0,7,5,2
2104,24,1,2026-04-23 17:46:28,13,0,13,2,3
2105,24,5,2026-08-15 00:52:28,39,0,12,4,0
2106,24,6,2026-04-08 02:51:28,20,1,10,3,4
2107,24,6,2026-09-04 08:50:28,26,0,13,5,2
2108,24,7,2026-08-01 17:43:28,30,1,14,5,4
2109,24,1,2026-06-10 08:12:28,16,0,9,2,0
2110,24,1,2026-05-12 00:34:28,35,1,13,4,2
2111,24,1,2026-08-20 16:57:28,12,1,9,5,3
2112,24,7,2026-08-28 03:14:28,24,1,2,2,3
2113,24,6,2026-07-12 03:32:28,38,1,10,4,4
2114,24,7,2026-07-26 15:06:28,15,1,7,4,0
2115,24,1,2026-05-04 07:30:28,36,0,12,3,0
2116,24,1,2026-05-09 03:10:28,28,1,12,5,2
2117,24,1,2026-07-11 07:32:28,35,1,5,3,0
2118,24,1,2026-04-03 17:12:28,30,0,10,4,6
2119,24,1,2026-05-25 23:24:28,21,1,12,8,7
2120,24,10,2026-05-24 18:11:28,17,0,15,4,1
2121,24,7,2026-08-05 08:06:28,43,0,10,6,1
2122,24,1,2026-05-18 21:04:28,16,0,6,1,2
2123,24,9,2026-07-13 21:55:28,14,1,12,2,2
2124,24,4,2026-06-25 14:32:28,26,1,11,1,1
2125,24,1,2026-09-07 09:15:28,12,1,8,3,5
2126,24,2,2026-05-10 23:22:28,42,1,5,4,1
2127,24,1,2026-07-13 00:12:28,35,1,2,7,3
2128,24,1,2026-03-25 06:53:28,35,0,12,5,5
2129,24,1,2026-07-17 11:10:28,32,0,5,5,5
2130,24,3,2026-05-02 19:58:28,28,1,13,7,2
2131,24,10,2026-06-30 22:24:28,15,0,14,4,4
2132,24,1,2026-03-27 04:27:28,40,0,4,5,2
2133,24,1,2026-07-15 03:10:28,36,1,12,1,5
2134,24,1,2026-08-06 15:21:28,40,0,10,6,0
2135,24,1,2026-09-09 19:46:28,43,0,17,8,6
2136,24,3,2026-05-09 07:27:28,45,0,10,1,1
2137,24,9,2026-08-04 09:04:28,26,0,11,5,3
2138,24,1,2026-09-06 08:07:28,19,0,10,3,4
2139,24,1,2026-08-17 08:46:28,36,0,8,2,4
2140,24,1,2026-07-06 07:02:28,17,0,7,5,5
2141,24,4,2026-09-04 16:40:28,44,0,9,6,3
2142,24,1,2026-07-29 22:24:28,20,0,17,4,0
2143,24,1,2026-09-12 17:32:28,24,0,5,2,3
2144,24,7,2026-06-24 13:04:28,29,0,9,8,3
2145,24,1,2026-05-31 23:58:28,36,0,7,8,5
2146,24,1,2026-08-26 06:04:28,31,1,11,2,0
2147,24,4,2026-04-11 17:07:28,29,0,13,4,2
2148,24,1,2026-05-29 18:49:28,24,0,13,2,5
2149,24,1,2026-06-09 12:26:28,22,1,12,6,0
2150,24,1,2026-04-07 13:50:28,45,1,8,4,5
2151,24,1,2026-06-14 12:57:28,13,1,8,2,3
2152,24,1,2026-09-11 09:29:28,36,1,9,6,1
2153,24,3,2026-04-08 15:19:28,41,1,13,5,1
2154,24,3,2026-04-23 20:34:28,12,1,1,4,4
2155,24,2,2026-05-23 23:13:28,43,0,8,6,4
2156,24,3,2026-08-23 14:39:28,16,1,10,3,4
2157,24,9,2026-08-03 03:35:28,29,1,14,6,2
2158,24,1,2026-09-04 00:07:28,40,0,11,3,5
2159,24,6,2026-09-05 22:15:28,43,1,14,7,2
2160,24,1,2026-06-15 16:11:28,20,1,12,7,3
2161,25,10,2026-07-09 07:20:28,38,0,14,5,7
2162,25,10,2026-08-02 15:58:28,42,1,8,7,6
2163,25,10,2026-05-15 15:23:28,17,1,8,7,3
2164,25,9,2026-08-25 04:29:28,27,1,10,3,0
2165,25,2,2026-09-01 07:08:28,42,1,17,2,4
2166,25,9,2026-04-22 20:27:28,19,0,8,4,2
2167,25,10,2026-07-31 18:33:28,32,1,5,5,6
2168,25,10,2026-09-03 13:42:28,40,0,10,4,2
2169,25,10,2026-05-17 00:23:28,12,1,5,5,0
2170,25,2,2026-03-22 23:08:28,32,0,8,2,2
2171,25,10,2026-06-03 21:23:28,25,0,12,2,1
2172,25,10,2026-08-25 11:50:28,38,1,13,7,2
2173,25,9,2026-08-30 07:56:28,25,0,13,4,2
2174,25,10,2026-07-22 09:46:28,37,1,14,2,5
2175,25,10,2026-07-13 15:15:28,40,1,8,9,4
2176,25,4,2026-06-05 23:49:28,15,1,6,6,2
2177,25,7,2026-07-02 14:39:28,28,1,9,5,0
2178,25,10,2026-06-11 11:37:28,26,1,8,6,3
2179,25,5,2026-07-09 07:26:28,40,1,11,4,2
2180,25,10,2026-08-08 02:07:28,37,1,14,4,4
2181,25,1,2026-04-08 09:15:28,43,1,8,4,3
2182,25,10,2026-08-23 06:18:28,26,1,9,5,3
2183,25,8,2026-07-03 17:57:28,33,0,12,4,3
2184,25,1,2026-04-11 20:29:28,37,0,11,5,6
2185,25,6,2026-08-26 10:23:28,12,0,15,3,4
2186,26,3,2026-09-15 03:45:28,15,1,9,5,1
2187,26,1,2026-04-02 09:43:28,34,1,10,6,3
2188,26,5,2026-07-07 07:39:28,40,1,7,6,2
2189,26,8,2026-06-18 13:00:28,15,1,7,5,5
2190,26,1,2026-09-14 19:44:28,15,0,11,3,0
2191,26,3,2026-09-16 23:40:28,19,0,9,6,3
2192,26,3,2026-04-13 09:18:28,44,0,7,6,2
2193,26,5,2026-04-12 12:06:28,33,1,4,4,7
2194,26,9,2026-03-25 13:47:28,35,1,5,5,2
2195,26,3,2026-04-06 08:29:28,12,1,8,5,1
2196,26,3,2026-08-29 14:29:28,15,1,10,8,1
2197,26,3,2026-07-10 09:26:28,44,1,8,8,8
2198,26,4,2026-07-22 08:26:28,35,0,2,3,2
2199,26,3,2026-08-06 11:32:28,25,0,4,7,4
2200,26,3,2026-07-14 04:42:28,32,1,11,1,3
2201,26,3,2026-07-23 01:35:28,21,1,6,5,1
2202,26,3,2026-04-24 07:47:28,14,0,6,8,4
2203,26,7,2026-05-10 00:30:28,38,0,11,5,0
2204,26,3,2026-05-27 01:38:28,37,1,3,5,3
2205,26,10,2026-06-23 13:56:28,41,0,8,8,7
2206,26,9,2026-08-04 12:53:28,17,1,7,7,0
2207,26,7,2026-09-14 09:27:28,23,1,7,6,4
2208,26,3,2026-05-22 08:18:28,41,1,6,4,3
2209,26,3,2026-08-02 02:41:28,12,1,7,5,2
2210,26,3,2026-08-30 21:06:28,22,0,10,8,5
2211,26,9,2026-05-29 05:31:28,18,0,2,4,2
2212,26,9,2026-04-19 22:28:28,17,1,4,3,3
2213,26,8,2026-09-04 21:33:28,14,0,4,5,5
2214,26,8,2026-08-30 14:27:28,25,0,11,6,0
2215,26,10,2026-06-24 22:32:28,29,0,5,5,6
2216,26,2,2026-08-07 09:06:28,42,0,5,7,5
2217,26,3,2026-08-13 10:32:28,26,0,6,3,0
2218,26,1,2026-04-03 01:56:28,29,1,4,4,5
2219,26,9,2026-03-22 08:48:28,24,0,16,7,6
2220,26,1,2026-03-23 04:03:28,29,1,7,1,0
2221,26,3,2026-07-16 20:25:28,18,1,8,2,4
2222,26,1,2026-06-24 07:32:28,38,0,7,5,1
2223,26,3,2026-05-27 17:33:28,26,1,17,5,6
2224,26,3,2026-08-15 06:43:28,26,1,10,2,2
2225,26,3,2026-05-19 22:57:28,16,0,12,6,5
2226,26,3,2026-07-24 05:04:28,45,0,1,5,2
2227,26,1,2026-06-09 03:36:28,36,1,11,2,3
2228,26,3,2026-05-16 08:40:28,38,1,8,8,0
2229,26,3,2026-05-23 07:45:28,37,1,6,4,5
2230,26,3,2026-06-08 20:47:28,44,0,4,5,3
2231,26,3,2026-05-29 19:47:28,40,1,7,8,3
2232,26,5,2026-06-21 08:51:28,38,0,13,5,4
2233,26,3,2026-08-18 06:07:28,39,0,9,6,4
2234,26,3,2026-06-21 10:48:28,20,1,6,5,5
2235,26,6,2026-05-03 16:19:28,14,1,11,7,5
2236,26,10,2026-08-10 11:19:28,38,0,5,2,1
2237,26,3,2026-07-23 02:17:28,28,1,9,4,1
2238,26,4,2026-05-23 02:46:28,30,0,6,4,0
2239,26,1,2026-03-25 00:55:28,14,1,9,6,8
2240,26,3,2026-06-06 08:11:28,43,0,6,3,5
2241,26,3,2026-05-12 21:51:28,29,0,6,6,2
2242,26,7,2026-04-07 21:41:28,29,0,2,7,1
2243,26,6,2026-04-17 15:59:28,36,0,5,6,5
2244,26,3,2026-08-28 03:06:28,20,0,8,1,5
2245,27,5,2026-05-10 06:09:28,31,1,13,3,7
2246,27,3,2026-04-22 20:08:28,35,0,7,3,2
2247,27,5,2026-08-14 00:58:28,29,0,12,8,3
2248,27,5,2026-08-16 23:23:28,36,0,13,6,3
2249,27,5,2026-06-03 05:10:28,22,0,9,7,4
2250,27,5,2026-05-24 13:48:28,15,1,15,3,6
2251,27,5,2026-05-03 11:06:28,13,0,8,5,7
2252,27,2,2026-08-12 05:02:28,22,1,6,2,3
2253,27,5,2026-06-16 10:41:28,25,0,3,6,1
2254,27,5,2026-07-13 00:02:28,41,0,9,1,5
2255,27,8,2026-03-23 15:05:28,13,1,5,4,4
2256,27,5,2026-05-21 17:41:28,40,1,13,4,2
2257,27,5,2026-09-01 11:06:28,29,1,8,2,3
2258,27,6,2026-09-10 20:36:28,16,0,10,6,0
2259,27,5,2026-08-16 06:54:28,23,1,11,4,5
2260,27,5,2026-06-01 08:14:28,19,1,8,2,0
2261,27,4,2026-04-09 09:27:28,45,0,9,3,6
2262,27,5,2026-06-12 11:54:28,24,0,7,5,2
2263,27,5,2026-04-22 11:36:28,23,0,7,4,3
2264,27,4,2026-04-01 09:50:28,34,1,9,3,0
2265,27,5,2026-05-06 12:33:28,24,1,12,7,3
2266,27,1,2026-06-19 01:27:28,26,1,7,6,1
2267,27,5,2026-04-28 17:28:28,15,1,12,5,5
2268,27,5,2026-05-11 03:44:28,19,1,10,2,1
2269,27,4,2026-04-27 10:00:28,26,1,13,6,4
2270,27,3,2026-07-11 14:55:28,39,0,11,7,2
2271,27,7,2026-03-25 03:56:28,25,1,7,7,4
2272,27,5,2026-04-14 23:10:28,18,1,11,4,3
2273,27,5,2026-08-02 21:04:28,23,1,6,3,3
2274,27,5,2026-07-24 20:27:28,33,1,8,5,0
2275,27,7,2026-04-05 05:14:28,16,1,14,2,0
2276,27,5,2026-07-19 08:56:28,18,1,10,3,1
2277,27,5,2026-08-10 08:41:28,32,1,14,1,3
2278,27,2,2026-05-09 23:21:28,15,1,5,3,4
2279,27,4,2026-05-19 07:36:28,29,0,9,1,2
2280,27,5,2026-06-15 06:11:28,16,1,11,5,4
2281,27,5,2026-07-10 08:34:28,39,0,13,5,5
2282,27,2,2026-05-24 14:28:28,32,0,8,1,7
2283,27,5,2026-05-29 03:44:28,22,0,15,6,3
2284,27,2,2026-08-09 22:39:28,17,0,9,4,2
2285,27,5,2026-05-03 13:48:28,41,1,10,7,5
2286,27,7,2026-08-05 18:35:28,16,1,7,6,2
2287,27,5,2026-03-29 08:11:28,36,1,13,6,3
2288,27,5,2026-04-03 14:33:28,42,1,8,2,2
2289,27,5,2026-07-28 05:12:28,31,1,8,3,1
2290,27,7,2026-08-02 01:11:28,33,1,7,6,8
2291,27,5,2026-06-12 23:51:28,43,1,11,5,5
2292,27,10,2026-09-05 09:06:28,12,0,5,5,1
2293,27,5,2026-06-06 22:59:28,43,0,7,5,0
2294,27,10,2026-07-27 19:59:28,38,1,8,3,7
2295,27,7,2026-06-28 09:17:28,34,0,16,5,5
2296,27,5,2026-04-25 18:35:28,29,1,10,3,2
2297,27,8,2026-07-21 22:11:28,36,1,13,6,2
2298,27,5,2026-06-14 21:12:28,23,0,8,2,1
2299,27,5,2026-06-28 12:11:28,17,1,5,5,2
2300,27,5,2026-04-13 19:43:28,33,1,11,7,0
2301,27,5,2026-07-22 22:39:28,30,1,9,3,6
2302,27,2,2026-04-15 00:52:28,27,0,9,4,4
2303,27,5,2026-09-12 15:12:28,28,1,8,5,6
2304,27,9,2026-06-02 04:46:28,44,1,6,5,6
2305,27,8,2026-04-20 23:56:28,45,0,11,7,4
2306,27,5,2026-08-15 07:03:28,40,1,6,11,2
2307,27,2,2026-07-29 23:21:28,34,0,10,2,2
2308,27,7,2026-09-08 00:48:28,20,1,15,2,3
2309,27,5,2026-04-25 07:17:28,26,1,4,3,2
2310,27,3,2026-07-26 17:23:28,19,0,10,5,2
2311,27,5,2026-04-09 10:01:28,33,1,7,7,2
2312,27,1,2026-08-31 00:14:28,25,0,11,1,5
2313,27,9,2026-05-01 14:21:28,26,1,10,6,2
2314,27,5,2026-08-07 10:15:28,38,0,11,4,4
2315,27,1,2026-09-12 22:52:28,18,0,11,6,4
2316,27,5,2026-05-02 08:11:28,37,1,13,2,2
2317,27,5,2026-06-11 13:15:28,29,0,14,4,2
2318,27,3,2026-05-27 23:23:28,43,0,4,3,1
2319,27,5,2026-05-02 20:38:28,26,1,12,4,3
2320,27,3,2026-06-08 21:36:28,39,1,9,1,1
2321,27,5,2026-05-07 03:55:28,20,0,9,1,3
2322,27,4,2026-07-24 02:10:28,18,1,8,6,3
2323,27,4,2026-03-29 18:32:28,19,1,11,6,0
2324,27,6,2026-05-17 12:20:28,21,0,12,8,3
2325,27,6,2026-08-04 01:16:28,17,1,10,3,2
2326,27,9,2026-07-23 23:54:28,13,0,8,5,2
2327,27,3,2026-08-24 17:38:28,13,1,7,4,6
2328,27,3,2026-09-02 18:09:28,35,0,8,5,3
2329,27,7,2026-05-18 11:13:28,18,0,9,8,0
2330,27,8,2026-07-12 07:26:28,23,1,11,4,4
2331,27,5,2026-04-09 04:05:28,42,0,11,8,0
2332,27,5,2026-04-20 09:39:28,14,0,12,5,3
2333,27,5,2026-07-15 16:34:28,21,1,5,4,6
2334,27,5,2026-08-23 04:42:28,23,1,7,1,1
2335,27,5,2026-03-24 14:16:28,34,0,12,6,2
2336,27,5,2026-05-24 07:27:28,16,0,10,2,1
2337,27,8,2026-04-19 12:00:28,18,1,14,5,3
2338,27,6,2026-05-14 05:40:28,19,1,11,3,7
2339,27,5,2026-08-02 03:34:28,41,1,7,4,3
2340,27,5,2026-06-12 09:58:28,23,0,12,5,4
2341,27,5,2026-09-16 09:31:28,24,0,6,3,4
2342,27,5,2026-09-12 22:44:28,40,1,8,6,3
2343,27,5,2026-08-06 08:47:28,13,1,6,4,2
2344,27,10,2026-04-13 22:27:28,16,0,12,5,0
2345,27,5,2026-08-07 12:44:28,25,0,6,4,5
2346,27,7,2026-06-28 03:19:28,42,1,8,6,7
2347,27,5,2026-08-11 12:30:28,17,1,12,6,4
2348,27,5,2026-04-18 23:23:28,21,0,8,1,1
2349,27,5,2026-06-28 10:27:28,32,1,14,1,3
2350,27,7,2026-04-04 19:12:28,21,1,10,4,6
2351,27,5,2026-06-23 10:30:28,16,0,8,8,4
2352,27,5,2026-07-30 02:09:28,18,1,13,3,1
2353,27,4,2026-03-21 03:47:28,26,0,10,4,3
2354,27,5,2026-08-28 20:26:28,23,0,13,5,4
2355,27,9,2026-05-02 16:06:28,38,0,13,2,0
2356,27,5,2026-06-26 00:12:28,45,0,8,6,5
2357,28,7,2026-04-24 15:59:28,23,1,13,7,7
2358,28,8,2026-05-06 21:58:28,32,1,10,3,3
2359,28,7,2026-04-17 18:17:28,19,0,8,8,3
2360,28,4,2026-08-11 03:02:28,39,1,4,6,5
2361,28,7,2026-08-19 23:32:28,25,1,9,5,2
2362,28,9,2026-08-24 17:04:28,19,0,14,1,1
2363,28,8,2026-08-23 10:54:28,45,1,10,2,1
2364,28,7,2026-07-22 18:24:28,15,0,7,6,5
2365,28,7,2026-08-06 14:44:28,24,1,9,3,3
2366,28,7,2026-04-09 07:33:28,32,0,10,5,4
2367,28,7,2026-04-28 09:37:28,34,1,10,7,3
2368,28,7,2026-09-01 17:45:28,15,1,14,5,2
2369,28,7,2026-08-02 14:10:28,26,0,11,6,2
2370,28,4,2026-07-24 16:38:28,25,0,10,1,3
2371,28,7,2026-08-02 19:34:28,37,0,5,4,7
2372,28,7,2026-09-17 06:36:28,18,1,4,1,1
2373,28,7,2026-03-28 14:41:28,18,0,10,3,3
2374,28,4,2026-05-04 16:52:28,16,1,14,6,6
2375,28,7,2026-06-11 05:54:28,43,0,9,1,0
2376,28,7,2026-09-15 11:28:28,22,0,13,4,0
2377,28,9,2026-05-20 12:26:28,20,1,13,1,3
2378,28,7,2026-06-18 12:53:28,19,1,11,2,4
2379,28,7,2026-03-29 08:34:28,23,0,7,2,2
2380,28,3,2026-05-03 20:01:28,37,0,14,2,5
2381,28,10,2026-04-18 13:50:28,44,0,8,4,2
2382,28,3,2026-04-09 11:25:28,39,1,11,5,5
2383,28,7,2026-04-09 16:55:28,29,1,9,5,3
2384,28,7,2026-08-31 18:12:28,31,0,9,1,6
2385,28,7,2026-07-13 14:03:28,43,1,6,3,2
2386,28,7,2026-05-10 02:32:28,16,0,8,3,2
2387,28,9,2026-07-26 19:32:28,33,0,12,6,2
2388,28,9,2026-07-11 23:15:28,13,0,13,6,4
2389,28,7,2026-08-05 05:06:28,32,0,12,7,4
2390,28,1,2026-06-06 23:15:28,37,1,4,6,5
2391,28,1,2026-07-23 09:07:28,18,1,7,4,4
2392,28,9,2026-06-24 16:40:28,14,0,7,5,6
2393,28,7,2026-04-28 21:17:28,18,0,6,3,3
2394,28,7,2026-06-15 08:42:28,40,0,7,9,3
2395,28,7,2026-04-05 02:12:28,34,1,7,1,3
2396,29,6,2026-05-01 10:27:28,40,1,8,4,6
2397,29,5,2026-04-03 05:06:28,13,1,7,3,0
2398,29,6,2026-08-19 11:36:28,13,1,11,7,0
2399,29,7,2026-08-14 12:37:28,28,1,10,3,3
2400,29,1,2026-04-26 19:28:28,39,1,13,4,5
2401,29,6,2026-06-20 12:17:28,32,1,13,3,3
2402,29,8,2026-08-02 04:53:28,23,1,9,7,2
2403,29,6,2026-05-12 22:39:28,28,1,15,3,2
2404,29,6,2026-06-13 12:45:28,32,1,16,1,2
2405,29,6,2026-09-15 16:27:28,32,1,13,7,4
2406,29,3,2026-03-21 12:48:28,22,1,7,4,2
2407,29,6,2026-05-20 01:03:28,16,0,7,6,7
2408,29,3,2026-05-02 11:13:28,29,0,8,3,3
2409,29,6,2026-08-01 13:12:28,22,1,9,5,2
2410,29,3,2026-08-22 19:17:28,32,0,7,2,6
2411,29,6,2026-05-04 11:24:28,15,1,6,4,2
2412,29,6,2026-07-10 17:03:28,31,1,11,6,4
2413,29,6,2026-08-19 17:24:28,30,1,12,7,2
2414,29,6,2026-07-28 00:16:28,41,1,16,2,0
2415,29,6,2026-07-30 04:53:28,26,0,11,6,1
2416,29,6,2026-07-17 11:09:28,24,1,11,5,2
2417,29,6,2026-04-28 06:49:28,23,0,13,8,1
2418,29,6,2026-04-27 18:18:28,30,1,10,3,3
2419,29,6,2026-06-26 01:25:28,25,0,10,5,2
2420,29,6,2026-06-17 18:38:28,18,0,8,3,3
2421,29,4,2026-08-06 12:55:28,36,1,13,2,3
2422,29,10,2026-08-13 13:05:28,37,0,7,5,3
2423,29,5,2026-03-25 07:53:28,13,0,8,2,5
2424,29,6,2026-05-04 01:09:28,13,1,10,2,2
2425,30,3,2026-06-09 23:41:28,30,1,3,4,3
2426,30,9,2026-04-20 20:29:28,41,0,9,4,6
2427,30,3,2026-05-07 04:50:28,34,0,11,3,4
2428,30,2,2026-04-20 17:21:28,40,0,5,6,3
2429,30,10,2026-05-02 02:44:28,45,0,5,3,4
2430,30,8,2026-07-03 00:11:28,45,0,8,1,4
2431,30,2,2026-06-08 15:17:28,45,0,7,4,0
2432,30,3,2026-05-11 21:29:28,45,1,7,5,3
2433,30,9,2026-07-08 21:39:28,17,1,9,6,5
2434,30,1,2026-08-21 17:57:28,22,0,6,2,0
2435,30,3,2026-07-22 20:23:28,25,1,5,8,1
2436,30,3,2026-05-22 08:44:28,13,0,8,4,5
2437,30,6,2026-04-21 06:25:28,27,1,6,5,3
2438,30,3,2026-07-01 04:33:28,42,0,5,1,2
2439,30,6,2026-05-04 05:42:28,32,1,7,7,0
2440,30,2,2026-07-24 17:24:28,31,1,5,3,7
2441,30,3,2026-06-07 04:22:28,36,1,4,8,4
2442,30,2,2026-04-25 00:46:28,37,1,3,3,6
2443,30,3,2026-08-24 20:37:28,39,1,3,3,1
2444,30,5,2026-06-13 00:58:28,36,0,4,5,6
2445,30,10,2026-03-27 12:12:28,37,1,3,9,4
2446,30,3,2026-08-01 17:33:28,43,1,8,4,3
2447,30,3,2026-07-15 23:04:28,33,1,0,1,2
2448,30,3,2026-08-29 07:57:28,38,1,4,6,2
2449,30,10,2026-06-05 00:05:28,31,0,0,6,2
2450,30,3,2026-08-13 16:24:28,12,0,5,6,4
2451,30,1,2026-07-11 11:31:28,18,1,5,5,6
2452,30,3,2026-04-18 22:19:28,26,1,11,8,5
2453,30,1,2026-04-25 03:13:28,12,0,6,5,1
2454,30,3,2026-05-23 23:56:28,44,0,7,8,0
2455,30,6,2026-08-13 16:23:28,41,1,5,2,3
2456,30,3,2026-04-28 14:02:28,39,1,3,6,6
2457,30,2,2026-07-27 22:44:28,14,0,10,2,4
2458,30,10,2026-07-26 14:25:28,43,0,2,4,3
2459,30,3,2026-05-18 17:48:28,30,0,4,7,3
2460,30,3,2026-04-11 05:18:28,12,1,5,5,3
2461,30,6,2026-06-08 04:36:28,20,1,10,2,4
2462,30,3,2026-04-03 03:20:28,16,0,6,10,2
2463,30,4,2026-07-10 23:36:28,12,0,3,3,2
2464,30,3,2026-08-22 13:51:28,29,1,9,4,0
2465,30,3,2026-04-12 22:35:28,42,1,9,5,2
2466,30,3,2026-09-09 13:06:28,41,0,6,7,6
2467,30,9,2026-08-02 03:05:28,25,0,6,1,5
2468,30,3,2026-07-05 08:40:28,23,0,4,7,0
2469,30,3,2026-09-08 02:34:28,15,0,6,4,2
2470,30,3,2026-05-19 08:44:28,15,0,7,7,4
2471,30,3,2026-09-08 12:51:28,14,0,6,4,4
2472,30,3,2026-08-30 13:39:28,20,0,6,2,5
2473,30,3,2026-09-10 07:06:28,32,0,6,5,2
2474,30,3,2026-09-10 17:24:28,12,1,10,3,6
2475,30,3,2026-08-21 02:10:28,17,0,9,8,2
2476,30,3,2026-04-02 19:50:28,16,0,5,7,4
2477,30,3,2026-06-05 05:19:28,29,1,12,6,1
2478,30,2,2026-05-19 08:56:28,16,0,13,1,1
2479,30,3,2026-07-04 04:39:28,31,1,0,8,4
2480,30,3,2026-08-02 01:49:28,33,1,8,5,3
2481,30,5,2026-06-30 17:55:28,29,0,10,8,6
2482,30,8,2026-06-01 11:15:28,23,0,5,5,3
2483,30,6,2026-04-28 08:19:28,31,1,10,4,5
2484,30,3,2026-08-19 20:06:28,34,1,8,3,6
2485,30,3,2026-08-04 18:28:28,17,1,5,5,5
2486,30,3,2026-07-13 16:48:28,38,0,6,5,1
2487,30,9,2026-05-05 23:57:28,44,0,9,7,7
2488,30,3,2026-04-26 05:24:28,17,1,7,4,3
2489,30,8,2026-04-23 15:05:28,37,1,8,4,2
2490,30,4,2026-06-26 01:17:28,24,0,7,8,2
2491,30,3,2026-07-21 13:33:28,19,1,4,6,5
2492,30,7,2026-08-05 06:53:28,12,1,6,4,3
2493,30,4,2026-09-17 02:02:28,33,0,0,5,3
2494,30,1,2026-07-04 19:23:28,27,1,7,8,3
2495,30,3,2026-08-17 00:32:28,17,0,7,5,0
2496,30,3,2026-06-10 13:46:28,17,0,6,10,4
2497,30,3,2026-04-12 07:37:28,41,0,9,7,6
2498,30,3,2026-04-29 18:38:28,17,0,5,5,1
2499,30,3,2026-07-08 09:47:28,44,1,7,6,6
2500,30,3,2026-05-26 06:20:28,27,0,4,8,1
2501,30,9,2026-06-24 16:02:28,28,0,5,8,1
2502,30,3,2026-07-30 11:26:28,13,0,6,6,2
2503,30,3,2026-06-04 08:07:28,38,0,10,5,2
2504,30,3,2026-04-21 23:49:28,30,0,9,3,2
2505,30,7,2026-08-12 14:44:28,13,0,6,4,2
2506,30,9,2026-04-17 23:17:28,40,1,6,6,4
2507,30,3,2026-07-11 09:38:28,43,0,6,5,1
2508,30,3,2026-06-03 22:30:28,24,1,12,6,7
2509,30,3,2026-04-27 04:23:28,18,0,5,7,4
2510,30,6,2026-04-10 03:07:28,16,1,7,7,4
2511,30,6,2026-09-01 17:17:28,14,1,11,6,4
2512,30,4,2026-08-15 13:58:28,17,1,6,5,3
2513,30,3,2026-08-15 13:46:28,24,1,8,6,6
2514,30,7,2026-05-03 20:22:28,28,1,2,6,3
2515,30,3,2026-06-29 20:07:28,28,0,4,6,6
2516,30,5,2026-07-22 11:30:28,38,0,5,10,0
2517,30,3,2026-04-10 02:09:28,43,0,11,6,3
2518,30,5,2026-08-26 16:23:28,38,0,7,6,4
2519,30,9,2026-03-30 02:53:28,41,1,11,4,3
2520,30,3,2026-06-19 09:17:28,36,0,5,1,3
2521,30,3,2026-04-30 18:03:28,38,0,7,6,7
2522,30,3,2026-08-27 10:32:28,41,0,4,6,1
2523,30,3,2026-07-01 16:03:28,44,1,7,6,0
2524,30,5,2026-07-25 22:39:28,29,0,10,6,4
2525,30,3,2026-08-25 21:40:28,21,0,10,3,0
2526,30,7,2026-06-18 00:23:28,22,0,5,3,1
2527,30,3,2026-08-17 05:41:28,17,1,3,7,4
2528,30,10,2026-08-10 17:19:28,45,0,3,6,5
2529,30,3,2026-05-11 15:59:28,30,0,4,6,2
2530,30,2,2026-06-05 19:19:28,13,0,10,5,7
2531,30,3,2026-08-06 20:29:28,17,0,6,6,3
2532,30,3,2026-07-16 08:08:28,23,0,7,5,7
2533,30,3,2026-05-13 04:17:28,27,0,5,8,3
2534,30,3,2026-07-28 03:34:28,15,0,7,7,2
2535,30,3,2026-08-28 06:05:28,15,0,9,7,4
2536,30,1,2026-08-19 00:56:28,42,0,3,6,7
